pelvis_tilt_moment,pelvis_list_moment,pelvis_rotation_moment,pelvis_tx_force,pelvis_ty_force,pelvis_tz_force,hip_flexion_r_moment,hip_adduction_r_moment,hip_rotation_r_moment,hip_flexion_l_moment,hip_adduction_l_moment,hip_rotation_l_moment,lumbar_extension_moment,lumbar_bending_moment,lumbar_rotation_moment,knee_angle_r_moment,knee_angle_r_beta_force,knee_angle_l_moment,knee_angle_l_beta_force,ankle_angle_r_moment,ankle_angle_l_moment,subtalar_angle_r_moment,subtalar_angle_l_moment,mtp_angle_r_moment,mtp_angle_l_moment
0.135535808250394,0.0880722777617444,0.0249747596272904,0.155808032948126,0.80184333478187,0.147834589760358,0.147685788191974,0.0602286372180944,0.0167841585560733,0.123649205321167,0.0776155809113156,0.015386425610568,0.0803985332823886,0.0577508756433211,0.052620943892958,0.0588242647120655,5.14374885054394e-05,0.0438972001088362,7.50520030380476e-05,0.00949241056071068,0.013525888003389,0.0103902348649029,0.00466235285761197,0.000323873966396426,0.000263662606474271
0.0774252055008933,0.0401479333329666,0.0152062382105801,0.0877553306564042,0.523512874137666,0.0732886485697623,0.122148080253036,0.0239552470215517,0.0247918876858097,0.120799937558862,0.073642392157139,0.0134686493332432,0.0820775746863373,0.0588874449038513,0.0555187005886358,0.0708349189822372,5.06752134175057e-05,0.0416776790982894,6.70407170427576e-05,0.0341004361552392,0.0132836127064176,0.0261518560185454,0.00432890033183935,0.000325572272338498,0.000264692419579707
0.0309807968519022,0.0231623181470034,0.00986713518539087,0.0350437721968023,0.270386055827645,0.0191378513108315,0.12434822939292,0.0476899728039908,0.0453413984313754,0.119833348916836,0.0727157320508635,0.0125216710435678,0.084175142287862,0.0614771248549656,0.0585626918854093,0.11404386913477,4.99797508593544e-05,0.0399081087355662,6.23207542467214e-05,0.0717521515527856,0.0130532837540732,0.0446672499585654,0.00408374342428064,0.000329547455981598,0.000267337546822169
0.0458130518887226,0.0298741093632617,0.00520971106634339,0.0387748253291767,0.132115800015319,0.0324494875552859,0.137715850892488,0.0640224898821328,0.0576698022200493,0.136707992507684,0.0762027334821744,0.01329514176008,0.0804789589495574,0.0675385575931883,0.0665889385616062,0.15521986997458,4.85447413784978e-05,0.0424717236233858,6.50948151609641e-05,0.0909687927594658,0.0129316341817953,0.0582465478348555,0.0039577062929621,0.000352358788044233,0.000273795662591097
0.0417288742160284,0.0154446967056118,0.00331683706385005,0.0434958734188795,0.182086677187962,0.0177703961157072,0.122470715797294,0.0775982480915674,0.0569754123870782,0.167317416331315,0.0814433102729569,0.0144815252703878,0.0906437744525559,0.0673075311009415,0.0809421073200222,0.170928943721517,5.79916416292528e-05,0.0490148145514045,7.92459310663901e-05,0.134322914534269,0.0126901700628984,0.0654350495279733,0.00403382193960963,0.000394973250364085,0.000304390284301334
0.0303120048751723,0.0513245743879284,0.00488603882339992,0.052003387442035,0.193379408700816,0.0530237253142377,0.111285960727824,0.115018251783293,0.05630756330767,0.180819557662768,0.0876276248268917,0.0174351932301296,0.103272777334039,0.0653754610238901,0.0904650233776158,0.18282212988218,5.92119181069727e-05,0.0523171686411124,8.81028015908264e-05,0.196001720657357,0.0122175735523279,0.0816237246769671,0.00416442248163403,0.000416618377089722,0.00033832712635275
0.0226699265542,0.052378185018918,0.00876107704133951,0.0288016659002897,0.129965082140139,0.0579744316136795,0.116413381608639,0.150756502231604,0.0606631753381379,0.188935579236156,0.0920142599863335,0.0217070248788782,0.112410114172302,0.0675358212493449,0.0925630142413013,0.188151494837279,3.59299431480009e-05,0.0529746376862388,9.90152608242126e-05,0.269504971472315,0.011321246455783,0.101089147493332,0.00436211807068107,0.000416522462138199,0.000380445343283652
0.0244529712680347,0.0214004970153863,0.00895806150753966,0.0192186143202982,0.0681156258945939,0.0295692497002039,0.121372113427393,0.173580904233149,0.0714638321301345,0.196006800147266,0.0963448164913225,0.0263996011103949,0.112317522279441,0.0725041090419612,0.0911945786790766,0.184172160612607,5.6392313116521e-05,0.0542778745492334,0.00013036038285962,0.335445443626861,0.0108297541601606,0.119825714266111,0.00438358350306148,0.000432397621552444,0.000404031437256493
0.0194957717203864,0.0148483916818862,0.00610555744632246,0.0432463843033321,0.0887214654988401,0.0275118285104957,0.103602626539358,0.198166027433409,0.0864185433779345,0.185407209406213,0.106370922304409,0.0285931809738787,0.114154210580412,0.0804307555593721,0.0918666507315788,0.183811001017904,5.95534338996319e-05,0.0498917583879625,0.000142785979747651,0.387787934018623,0.00983893730458572,0.142730542768808,0.00442978703883816,0.000480237029436469,0.000423398496884272
0.0199791738283996,0.0209564133354409,0.00510920668716444,0.0374798913654675,0.114053832651118,0.0367780471265853,0.0805231916922983,0.225561494866857,0.103008946656082,0.169867131934534,0.114449599193939,0.0337923908879404,0.116329026323466,0.0926755188225757,0.0933740791373405,0.201396882163426,4.80949758000935e-05,0.0469228770724157,0.000156962902863708,0.425696528591523,0.00913550646774079,0.160434193390639,0.00455044665656843,0.000518566634043326,0.000439075713733058
0.00940556091534734,0.0197810633205826,0.00708698123602074,0.0172142290242731,0.0793732942910695,0.0289763814624648,0.0564532864239042,0.252056537347932,0.118759887871346,0.137304045831284,0.126897516863633,0.0430944372275286,0.118120566042589,0.105105125566871,0.0948039807499262,0.230024474764361,4.17709545165325e-05,0.0433511267012913,0.000159862899360748,0.453855546076886,0.00836890823204645,0.173281633366367,0.00480763677412372,0.000493152922178101,0.000439422682103191
0.0141215986577156,0.023471359079016,0.0122648820170472,0.0204179101470755,0.102890970744055,0.0260904040030761,0.0522380812100281,0.277925723008252,0.132677063148552,0.110367457393912,0.142167692331145,0.0524599963590936,0.121415078508535,0.116137070374289,0.096324747529706,0.264814179620306,6.14493298689745e-05,0.041868866625325,0.000167392678817149,0.481173889083456,0.00771761197717484,0.186279380693299,0.00509489125530498,0.000493572075136217,0.000454111538471816
0.015634100105721,0.0131268121801194,0.0161385249782094,0.0216110552615799,0.135902717383637,0.03234756135555,0.0631414056124226,0.305014368424305,0.141402427519816,0.0974953221168045,0.158520724452035,0.0616205148818067,0.115769316172247,0.125545760494255,0.0919528144530606,0.279585285096329,0.000108693885571764,0.0412627065797204,0.000172136546966781,0.506492019826403,0.00742610869648151,0.198898574390201,0.00533351445093228,0.000494272630405635,0.000482004696593921
0.0159591588734383,0.00827984023683664,0.0158015375765385,0.0348428836217925,0.10842012219202,0.0174982699140179,0.0879448668042281,0.320099166007527,0.14955315169864,0.0829851935794823,0.168949741774783,0.0689501662530198,0.109462471742958,0.131018057050034,0.0847046388825302,0.308038405081124,0.000162496880507345,0.049909742656582,0.00017488206217818,0.53274328005174,0.00749236846224177,0.210846852400881,0.00542817165150913,0.000486477549684176,0.000499736688509342
0.0206565888083299,0.0226576089030777,0.0132944511295462,0.0384604876680871,0.177270728424283,0.0254561832751614,0.112869282947623,0.324390641270292,0.152019221541754,0.0795946690783367,0.182280593834436,0.0767246643382153,0.104859035544936,0.126638227751737,0.0770553218272582,0.333061188007212,0.000211238510541613,0.0602004606049691,0.00017232185869924,0.556489954437477,0.00756346703442192,0.223117129532048,0.0055825423001561,0.000451931751133811,0.000522424475006201
0.0122615644758748,0.013928519777517,0.0128946722132823,0.0242454859398992,0.10207186639783,0.0208472770955535,0.126380294152677,0.333256116373929,0.155844293129611,0.0778859157169076,0.192271725670582,0.0817079781294294,0.0998857198981296,0.11216389388229,0.0707052751800432,0.322184034685452,0.000239702906584259,0.065225357886843,0.000167543283888494,0.570773225216153,0.0065682070545752,0.236370503428896,0.00569750939284758,0.000405917041927324,0.000530718288070723
0.0137483861964717,0.0029125754658661,0.0160509825733073,0.019078235224614,0.0955625310397713,0.0107107547538781,0.125529492837087,0.328235790155086,0.160868178244352,0.0670190262330143,0.198083456713331,0.0842470763654093,0.0951787386732704,0.0965618519056298,0.0662498745940499,0.324673329119179,0.00026346234186695,0.0674597891804739,0.000159586426078202,0.583105506757899,0.00571226814629754,0.248998305418209,0.00578509588282397,0.000374603651633804,0.000533757895718094
0.0230015982742124,0.0100774137810872,0.0197627990843723,0.030094688397372,0.135269798097824,0.0173760790173799,0.132964208452633,0.329744615620801,0.167075486361221,0.0634403567707612,0.201197485175002,0.0853474078083671,0.0870240616398019,0.0824156084257792,0.0649752102782623,0.328539520140807,0.000280808780030599,0.0693612544512057,0.000152754462601469,0.584420938283671,0.0049496308919133,0.262419445842893,0.00581537692240022,0.00033670326463687,0.000529861060548509
0.0210322062693561,0.00778767955992665,0.0213814525161395,0.026451909333102,0.0707753422361173,0.0136892093154072,0.155372115665077,0.339953121848975,0.173031113700031,0.0559017142879621,0.198229176293062,0.0831603748778103,0.0860405599009516,0.078875709748598,0.0668422037057579,0.359314781194539,0.0002859001022776,0.0698394946808204,0.000146491424567615,0.569849684156767,0.0040002788033676,0.274712252751926,0.0057037036632697,0.000263878839803829,0.000502354353424266
0.01994765348771,0.00791631323729861,0.022385529433498,0.0175056670501322,0.141418336176121,0.0135429210925357,0.181011985977706,0.337523000550356,0.172110376254539,0.0519491869667362,0.19424069833924,0.0809820962344185,0.101911174571998,0.0871047836621717,0.0689842174327113,0.388588736259729,0.000285827244733689,0.070035337275112,0.000141122893877754,0.555182857996817,0.00314774845644232,0.286149986223597,0.00558064752457536,0.000210876811248053,0.000475197320234921
0.0128167576818903,0.00895678667635791,0.0218083064445466,0.0105127161396661,0.100966256908154,0.0124775944938156,0.18121929390607,0.3462363174512,0.171531386528349,0.0500387865863493,0.179012350866356,0.0745887833690498,0.0997068624308619,0.089871161185182,0.0684627272196256,0.439990245115212,0.000272024573769859,0.0664973461797917,0.000135790854296706,0.520742800799253,0.00285507722624645,0.294013256915998,0.00503432949308853,0.000199672704889324,0.000446706989096286
0.0163077072517705,0.0137984709726388,0.0216048635134777,0.0163958834718224,0.105119882935027,0.0167452703987531,0.17595142522661,0.354601088302826,0.168800846308814,0.0486880532935398,0.160407528564191,0.0664699651774661,0.0994995133576358,0.101928263224005,0.0681694132224548,0.479456307373373,0.000257133868970427,0.0619875838194694,0.000131012834669775,0.474339199630084,0.00289735907427313,0.299614604026099,0.00423203829303021,0.000248030905446452,0.000422212252765409
0.0142659128097206,0.0142124839707768,0.0209208711819557,0.0265245256709372,0.11404335297326,0.0130801527597901,0.164732093599301,0.359985554020827,0.163095469866155,0.0407175943550005,0.143645505779516,0.0585813122572412,0.100758709867,0.118686214715653,0.0673578591915324,0.515850556329491,0.000245571666290456,0.0543176020571869,0.000129343737504672,0.422959409842777,0.00305623393517444,0.304849499451139,0.0034900631629827,0.000309635225591851,0.000393145754160025
0.00937094649043011,0.00562751426514492,0.0205357455225965,0.0191333714125037,0.0576223030887092,0.0104938164441657,0.143379273867075,0.365065978665405,0.152675420668607,0.0328016032869423,0.124535475612013,0.047484455463488,0.0978775362033853,0.120952561029277,0.0671064690737164,0.531519520229149,0.000211902553438105,0.0478586190505553,0.000127555027823862,0.356445250315931,0.00344749229509585,0.302856161904875,0.00255432520197406,0.000351911148401939,0.00036150325722568
0.0221726448307021,0.00675838623991386,0.0218095039226209,0.0242779559421675,0.102969932542975,0.016631433423394,0.122538672173135,0.361690409881451,0.138841074448863,0.0296363604026679,0.103404518227075,0.0354287889239799,0.0934319903337915,0.114240523742903,0.0674094768489036,0.529710399683414,0.000176143656312403,0.0411627278625755,0.000124449054843031,0.290252478846456,0.00388620469410176,0.299515277581211,0.00173599308662076,0.000412647808531243,0.000330797047194387
0.0189336568521145,0.00542330936506068,0.0240224127939714,0.0296579861738011,0.0868311617222021,0.0101059589085291,0.103302812882294,0.348393552161078,0.123215519779216,0.0400689114035411,0.0884051221533815,0.0271388316499582,0.0873642287453654,0.106178207373329,0.0658985412227019,0.52507062205248,0.000144827176899261,0.0330452123092682,0.000112793482415998,0.221550067300077,0.00442132562864025,0.296534326010598,0.00194924322464512,0.000512128009571265,0.000299188633729
0.0196283757895559,0.00858885724442193,0.0242827609870566,0.0275106044041077,0.0497589656611533,0.0218194505387192,0.082593719054213,0.321237259789891,0.104414249232986,0.0449906195652093,0.0812119807452361,0.0237701791940332,0.0799780081437204,0.0994460185123714,0.0677185419954628,0.47863633027627,0.000115423425673605,0.0316875827870884,0.000106917455873689,0.180334924834406,0.0046534682253612,0.288522921024206,0.00286790173830565,0.000618563879605265,0.000263229054382676
0.0128074589959487,0.00941779171853662,0.0217864983583424,0.0205083753438982,0.0467602416376452,0.015309089798855,0.0640239181684417,0.297952228626037,0.0868236229717722,0.0529856712126889,0.0891024155829852,0.0298091499814489,0.0730614614286872,0.0926031465765485,0.0724023498398436,0.430065241033645,0.000101292653077952,0.0341511698783798,0.000100635897642096,0.166315619485563,0.00485016991157584,0.281877515015498,0.00400576534426083,0.000679221880188834,0.000235219059276789
0.00981087462581706,0.0103032447187679,0.0181742287431124,0.0152770924315057,0.058720565584978,0.00801464668724193,0.0560149708245192,0.276875946509488,0.0720391350887564,0.066051188912665,0.101910783382856,0.0381807059131039,0.0748464068084367,0.0866309649170824,0.0769502658110838,0.380810369384159,0.000114368243212311,0.038756396663108,9.84207259796754e-05,0.196908971989078,0.00511059192709764,0.275524989202464,0.005051035273636,0.000718750410937152,0.000217404892977117
0.0113248664633703,0.00697366436379245,0.0170018631111595,0.013036959904243,0.0562356509524971,0.0156404008296134,0.0598025842719495,0.247534759943535,0.0589532065016166,0.0751294563323954,0.11008950594368,0.0434389643949255,0.0786230040690863,0.0815432369263439,0.0797572844542881,0.318537547749425,0.000152401220731001,0.0418375493573923,9.98024911296226e-05,0.236457309039113,0.00547628989735686,0.269791406545917,0.00574093529037234,0.00076168563240666,0.000217077230723775
0.0122287373891769,0.00413472636210457,0.0172238569491298,0.0134692089643885,0.075504787763004,0.0137646968463141,0.067547344203347,0.216232184255915,0.0498749724407373,0.0760267410643119,0.114635060117306,0.0467687288721828,0.0780854303650971,0.0764601459744699,0.0827775023229641,0.258749472740704,0.000188225401796381,0.0427240049085037,9.21893391996558e-05,0.281544787791433,0.00598816681991911,0.264852618238235,0.00630734581479059,0.000805166982218011,0.000227986504959107
0.00569514745442266,0.00777939675723739,0.0165861065209817,0.0176695039281838,0.0755103979786655,0.0126869659186746,0.0801721557863032,0.191907447887331,0.0447573019426307,0.073028357243748,0.112590535871755,0.0465127303974667,0.0801161628762933,0.0739384111284452,0.0858081527618824,0.201310826029285,0.000226237054512168,0.0434580684936194,8.2916898158097e-05,0.322066755220976,0.00642968167468018,0.257113714991963,0.00657011150978514,0.000823492081500003,0.000241642634150447
0.00965776188473926,0.00932248844272468,0.0141669433786739,0.0107729966768679,0.0871554928400233,0.0151930299347498,0.0961289057693402,0.179209729223222,0.0413893353804382,0.0762708269285541,0.103296638885381,0.0423236611537123,0.0850517174672751,0.0724940979338255,0.0877264000702461,0.147066065144556,0.000255999893556811,0.0414340861989502,7.73209444237325e-05,0.350876621135772,0.00736159849492502,0.244720380332298,0.00650012954123485,0.000819199245713544,0.000262517120615224
0.0172172652263297,0.00878753718500355,0.0132155818227908,0.0161899904963729,0.114028944403534,0.019232212527431,0.112176264790443,0.177163152992611,0.0411333566173952,0.0843007222899474,0.0895873999302085,0.0363076474226361,0.0934664631882946,0.0749222630222924,0.0877512416425654,0.0971003519839586,0.000284027963853305,0.0411272294433596,7.84030165611989e-05,0.376870713596638,0.00883510311587358,0.22857469172537,0.00638412794078122,0.000788402591101002,0.000304296665215375
0.0142705111298696,0.00788466522817077,0.0132123841248397,0.014595502970935,0.0687001693619438,0.0176472842128582,0.123382202442314,0.172679565572033,0.0398524019265352,0.0883604444289816,0.0743593600962047,0.0280435828019941,0.0975514406269859,0.0753018585144691,0.0850905113840536,0.06810792107972,0.000289771119663264,0.0412279934207839,7.73352955638131e-05,0.373593541714381,0.00989968872077816,0.211250570213317,0.00593980177721127,0.000725691112493477,0.000342784746951031
0.0224328698514719,0.00525791233978191,0.014005358454305,0.0124105132207721,0.110792168792772,0.0125788226687873,0.137529867758567,0.168418510560975,0.0390957750394655,0.0906195111315049,0.0627188131263994,0.0197579663535574,0.10005158138084,0.0766169150269896,0.0825366358450196,0.0522609861980178,0.00028126159027115,0.0419645288597166,7.3823128009383e-05,0.357147661052832,0.0110553500831203,0.192835982303869,0.00550751684401445,0.00064561666032828,0.000388699173705954
0.0225912382289724,0.00671117084044074,0.0146500629496714,0.0203443690520752,0.134116333729176,0.0173057105258798,0.153696399891066,0.164406113688751,0.039601696257801,0.0921261829325818,0.0610044217497423,0.0135831719182393,0.104168921222124,0.0790402349218939,0.0798132208612763,0.0539449103091993,0.000270854194251304,0.0419654581095441,6.70326951690361e-05,0.337897104435244,0.0124249711880235,0.174153027446336,0.00532622007212828,0.000562363288756122,0.000447793496349378
0.0114749910300112,0.00565503097165508,0.0129422016533391,0.0128288265378638,0.0456263696821323,0.00775154044513403,0.16560854761565,0.152296201155451,0.0375339532653644,0.0814570878394011,0.0696173987598689,0.0107048104527233,0.109165549672902,0.0791343218851131,0.0784029119095039,0.057907253206454,0.000253129837073109,0.0403507096627202,5.50724080749302e-05,0.30406334399714,0.0124956215641215,0.154134841708153,0.00506730214433949,0.00049605948336153,0.00045882085520034
0.0213330138528352,0.00958112059461811,0.0121207101269211,0.00796556710930965,0.123669346496455,0.0172934409030704,0.178649937178186,0.141963040738538,0.0360921952885451,0.0747939790242455,0.082050006877998,0.0107646268118926,0.115205654183464,0.0805801720580698,0.0789114907244233,0.0710466982127148,0.000235270340730722,0.040221379575871,5.35628623523004e-05,0.270839086587792,0.0125574480686826,0.134331975337515,0.00513136986189888,0.000453218746084091,0.000487957159701209
0.023838876269728,0.0116292097997231,0.0112510945544246,0.0116944650554507,0.109853962264379,0.013110474059723,0.1938714837479,0.126127833738668,0.0331978138404229,0.0754758399569721,0.0918319334578739,0.0123804092736282,0.129539260140044,0.0777338587463571,0.0792110016862479,0.0869650917422228,0.000217080276599006,0.0414288090297436,5.92523435988834e-05,0.228994052226539,0.0121496049253807,0.113480510967802,0.00526784485291883,0.00043597826078614,0.000513147366736337
0.0139178673111666,0.00761076057110315,0.0127941534236014,0.0115193917784432,0.0605033871408268,0.00606808896490066,0.201140826492384,0.0998608433312029,0.0287279125387604,0.103175302561188,0.0968919537869239,0.0146106957820866,0.1351261176107,0.0694415120815292,0.0812440226501843,0.0810451127184344,0.000192836864840708,0.0500295000515597,7.09768615000212e-05,0.175800558663019,0.0110890667512387,0.0840143001805478,0.00559197786192262,0.0004203839659751,0.00052785559742007
0.0212222982400375,0.00589824828716883,0.0152509836954589,0.0100142744958527,0.088793796834956,0.0153180938089606,0.212917135293632,0.0746350203206119,0.0257465314542958,0.130630935685618,0.0971968799469281,0.017190884502209,0.14212741057087,0.0588037623673943,0.0847840079030235,0.0776063758945678,0.000169271134674435,0.0592061063549324,8.2352207946228e-05,0.121214389309529,0.00988123165620335,0.0561385624983603,0.00600231683952313,0.000458090071148282,0.00055883970840096
0.0164687160514205,0.00728015004120542,0.0158478215508971,0.00872014836835296,0.059261153567222,0.0161506356681107,0.223612602156662,0.058444758455342,0.0221792653788046,0.137479589647866,0.0899148429573659,0.0192606290626405,0.149556930716214,0.0423058636368897,0.0888837469456402,0.0763706893438214,0.000144205996956958,0.059933799601948,8.55418743831089e-05,0.0757326791711239,0.00875392500521265,0.0360380833208888,0.00662339725380199,0.000523585863867012,0.000581027335042463
0.0131567437917707,0.0100879631620659,0.0159757208168818,0.0196498534713536,0.0483230522192859,0.0134213483482918,0.247777307863731,0.0560743426758831,0.0170931697064113,0.147597077468976,0.083046701527938,0.0207726115184219,0.15745696165558,0.0281526130978206,0.0935222100022926,0.0883651353057465,0.000119372402216098,0.0623182966220399,8.94330123672284e-05,0.0526446062128053,0.00760349402414432,0.0199550832971292,0.0073708629285565,0.000605194329588717,0.000611359254784188
0.0242935636691277,0.00819217465867602,0.0172689111685268,0.0150412479576288,0.0347133165238876,0.0187150390537279,0.261940143219502,0.0620825188437936,0.0130697446651895,0.147740945005896,0.070530080923893,0.0220188771178675,0.169032829587095,0.0227626491875767,0.10000263612601,0.100450722628382,0.000105139204615127,0.0645909723333285,9.16476188493564e-05,0.0335498469842287,0.00626144704954523,0.0117789078842287,0.0081133542195657,0.000667558276955428,0.000659411815523806
0.0250707537972483,0.0105670216583289,0.0165013190551305,0.0097850545727718,0.0367055542217552,0.0196762351590413,0.260345715529902,0.0709158795612788,0.0112316561611612,0.146502129014694,0.0598936347083014,0.0227892107699121,0.176913966782275,0.0331754652963994,0.106405750315707,0.102578984775809,8.96006723254608e-05,0.0704880988689146,9.15512979012084e-05,0.0241711062655944,0.00596591149179668,0.0072460965695952,0.00907365577550379,0.000706058117980794,0.000708204330044157
0.0156545488391756,0.00750045361513843,0.0140832775412124,0.0165408729763919,0.0861644356954381,0.00822580417695634,0.243078652425023,0.077761879962635,0.0124930953110704,0.146395922247887,0.0559376825613893,0.0234123141531978,0.1811993047257,0.0488913661316487,0.112658526991174,0.0948069473477208,8.25724516379475e-05,0.0768657411652399,8.6179594159785e-05,0.0218135847249933,0.00553474745728975,0.00491430641406351,0.0100565189943674,0.000731262972397387,0.000729874208623301
0.0172171533524734,0.0178257807865193,0.0132993536852904,0.0304178016431312,0.17947768139621,0.0192559446301165,0.226764135450763,0.086464959954711,0.0153793192822998,0.149304770007579,0.0572807702060375,0.0241003290986942,0.1846222923364,0.0649829526919497,0.119641249716848,0.0876440466980078,7.94287507677977e-05,0.0834020017417236,7.98006952812578e-05,0.019446863095215,0.00546559608751103,0.00419358388149612,0.0108137029974379,0.000729922406071477,0.000710279403158232
0.02405284866958,0.0201811384607959,0.0152746330313864,0.0222839704498206,0.152773978396749,0.020236226657635,0.200534400919589,0.0958907144855976,0.0181504147175233,0.143312692497757,0.0620201725793636,0.0187494360930129,0.177624789696503,0.0798761499432525,0.124970114975231,0.0775448026925171,8.0051873845028e-05,0.0810072492922661,7.50028637265394e-05,0.0186248365856336,0.00815874176776818,0.00422667372799508,0.0101195803627322,0.000723447653729946,0.000710737254811429
0.0394637275821211,0.0169176754260908,0.0180508789302454,0.0189790327881153,0.0619785301100837,0.0127116044485538,0.173555692671857,0.100333732825131,0.0203219155578173,0.132708596077401,0.0699288482961729,0.0154734412715408,0.1560040436344,0.0904051874034531,0.125488923515235,0.0674723719467154,8.81964131633793e-05,0.0754053333178526,7.5587389614805e-05,0.0183431298943691,0.0101447134643391,0.00458842340603151,0.0155683683031313,0.000693531259609278,0.000678626656020398
0.057491952197326,0.0220467487416024,0.0227619780482818,0.0297149200480431,0.157417567381043,0.021003469453481,0.150479889034359,0.10694625924749,0.0233028632691799,0.123047425066024,0.0808070230631266,0.0192327708494421,0.139099451921945,0.101644885057632,0.126157329259265,0.0583474164009752,9.93142093680092e-05,0.0706690677598997,8.01203347054662e-05,0.0181279949556717,0.0125855852274665,0.005114760854931,0.0241725736182478,0.000674917682237696,0.000652034835059886
0.0149059780629095,0.00897030144653638,0.0210242025364283,0.00973050870030429,0.0791271645349736,0.0207016512154977,0.151561898227382,0.103616275760948,0.0236492716299781,0.114465945391074,0.0989665600384161,0.0268101503802313,0.149288749849952,0.0957848712397474,0.12377885496052,0.0550732688583219,0.000110797146581866,0.0955648513462473,8.78693124742789e-05,0.0174612966930937,0.0402542396969849,0.00525731403307565,0.0380815549822871,0.000610019318562063,0.000551189245161187
0.0336810371193754,0.0194411383106932,0.0195432035084915,0.0292236960552712,0.0793762580135063,0.0312660036431079,0.15410494053316,0.102851585462376,0.0242729247355461,0.128970507071188,0.131644984245191,0.0462684519204287,0.161669568570105,0.0990617933290053,0.121746038602549,0.0523817880260601,0.000125008135967311,0.131173720143471,0.000100538410320101,0.0168624550732889,0.0782078375957655,0.00545953824173745,0.0588603097455307,0.000551624307037852,0.000484961924283348
0.0425053573296108,0.0251015380758165,0.0175462587297846,0.0264876815665336,0.100462805959581,0.0294944846192053,0.154354832443323,0.0973747475743455,0.0240401628065207,0.124884740788389,0.155359587376645,0.060548791676357,0.156390667888808,0.102049288228101,0.115489041130306,0.0491726864383416,0.000129877871651754,0.162657455808304,9.94082171662805e-05,0.0161866013300976,0.103245461448816,0.00551351472038736,0.0760443018252314,0.000511134920890157,0.00041418158913441
0.0197495719428263,0.0136608543347018,0.0154512190388195,0.0217705748537312,0.0758638092403376,0.0239304578779464,0.162768048314657,0.0980538381546596,0.0238472681248757,0.0963931214662766,0.183203677507489,0.0690750511776048,0.144602104342461,0.103250626874578,0.10695055174115,0.0500492755707344,0.000137968734468114,0.185848311737434,9.26739093189572e-05,0.0156582853044482,0.137506217609758,0.00543153134026624,0.0876283202251097,0.000483062700965232,0.000356930366497799
0.0217954232434978,0.0270636321374856,0.0148155797444984,0.0313545844021288,0.225952503139957,0.0421051712643263,0.166942948553503,0.103192136377626,0.0251682843318406,0.0987893164639366,0.204598752187284,0.0737617985250831,0.138627682369712,0.108383415105341,0.0996054820600582,0.0493393348457119,0.000150739369735769,0.228285726706223,9.2585960298445e-05,0.0148721824387897,0.177037233896748,0.00537248876667339,0.101893801169932,0.0004552972617795,0.000393705553321675
0.0338158588461293,0.0253447028705264,0.0149587983720416,0.0320747049692396,0.253518788329211,0.0307266269207485,0.172419287243745,0.109558451724971,0.0279065160280994,0.105311010964802,0.217113501050714,0.0764781939877841,0.133564802899976,0.103783845714509,0.0928768100462952,0.0484222361830271,0.000156392060873638,0.269262189462328,7.20289889684749e-05,0.0136357205688016,0.235999045198847,0.0052952137816447,0.114471219092807,0.000433405747225355,0.000431732829418997
0.0244314789762305,0.0178573933006432,0.0151157480171012,0.0246988839803901,0.129295152126518,0.0310415421592207,0.183871490174619,0.121397228304892,0.0339385219117854,0.168821886684089,0.230727384034993,0.081043721896338,0.132289324654849,0.093947478193931,0.0852917453733986,0.0494434445857329,0.000187343400186468,0.318684133172978,8.64916794836267e-05,0.0126280186064111,0.284057764662232,0.00519081251161124,0.128302641653114,0.000421330302427215,0.000465328946097224
0.01349957178422,0.0297668125817759,0.0144399500200456,0.0361985775638727,0.0769099865252494,0.0231170946693952,0.178960259548752,0.128353345871189,0.0390121762781775,0.208182118725105,0.240935806846793,0.0860304370360623,0.130921618857045,0.0945151965072681,0.0756479075846994,0.046830845769418,0.000188753705319639,0.363494876300888,7.29342818948644e-05,0.0109369348306476,0.305442070804523,0.00516992777414802,0.141933451210101,0.00040656526822638,0.000536970968650634
0.0262406863888068,0.0243289265980287,0.0161703462095352,0.0315944261451299,0.107803547136328,0.0269443722492102,0.1671398453171,0.133764609075179,0.0437269163101829,0.228712157145627,0.243323823834125,0.0898699544404796,0.129429002066713,0.106071934063649,0.0668556345940178,0.0418894464476293,0.000194612663168366,0.415663236804197,5.60401478341236e-05,0.00906355831850497,0.322554892107241,0.0051798058979377,0.153442211048483,0.000395012942295854,0.000591453136243862
0.0241117264423111,0.0197280246906122,0.017653661565533,0.0290271007781046,0.07762807231563,0.0259407170792728,0.14704528588011,0.131348076425927,0.0459206806552721,0.229062079021543,0.239114717996157,0.0930724007380846,0.131083849928701,0.121154476950157,0.0577143211226769,0.0349465608017945,0.000200773232968424,0.466960391557692,5.47996811990359e-05,0.00733559377434695,0.338544452022135,0.00500729537090122,0.159729480631981,0.000387648159764214,0.000564531806322915
0.0238014619418148,0.0302323963375152,0.0169208552396182,0.0495245305794116,0.0771613030724392,0.0206488743037127,0.129159911223789,0.131583016651361,0.0483867749942012,0.229097354257535,0.236530709075335,0.0941981125473429,0.133252389355549,0.13623176485374,0.0518963012908828,0.0305279493681478,0.000205317226299497,0.516919877592393,7.80124957603598e-05,0.00594064655676261,0.354657039835414,0.00476938244855018,0.165531434087171,0.000388492739395466,0.000530011843470452
0.0221180916884697,0.0168694731081135,0.0153936922366661,0.0575511540851036,0.0805573073535627,0.0143208640138816,0.115877679314771,0.135173790329213,0.0510949986579887,0.223221227429453,0.255923219375982,0.102974609883386,0.13108316146826,0.134182507087658,0.0488888352029266,0.0318295989926571,0.000210113080386547,0.535197389042027,0.000112723564999271,0.00482170366047633,0.379931217650304,0.00448793417853851,0.169111873668903,0.000414214499326504,0.000495464306483439
0.0103098816076724,0.0116264179114235,0.0149089432099691,0.0239020484128333,0.0991745337680795,0.0161928411921055,0.0893392064021473,0.141223816914512,0.0524709959469518,0.205337586104973,0.281941222375396,0.117285357346945,0.127777075942707,0.13009810659973,0.0472210008849478,0.0382285794215099,0.000214648213771417,0.555797172705401,0.000157124556130347,0.00469392031404987,0.408337331375694,0.00420891032946406,0.173595304685022,0.000407669787978547,0.000481369903277174
0.0247454936921633,0.0176475398443952,0.0165880175419343,0.0460232163619353,0.166426145577099,0.0246068391856412,0.0879043794482809,0.153819011786711,0.056757775700003,0.189787318723281,0.300357686779496,0.125368575031891,0.124325569582412,0.127123228376654,0.0458391538967775,0.0421946888183967,0.000221218954753636,0.567627640066162,0.000200242844287578,0.00512443797968858,0.436271379321062,0.00403192365060373,0.176806811954826,0.000423094527470501,0.000454353864980753
0.0283519941517214,0.0146680957919612,0.0165610992922506,0.0547082767513684,0.0826259956770403,0.0193688106028518,0.0788883078000629,0.165170856469314,0.060078385472667,0.186891367959442,0.326061564091542,0.131868643193274,0.122102081891529,0.124696648116235,0.0452590599435202,0.0453437159852362,0.000225754914503323,0.556613015778222,0.000231410981202391,0.00509912665777229,0.45192031014295,0.00401443210043519,0.179433900590843,0.000436701625888762,0.000387568455200558
0.0155621399783839,0.00875021106715024,0.0143385083978047,0.035927408131653,0.0797284647222754,0.0139591781495836,0.0694908132714211,0.175888743893929,0.0628306243646523,0.193825417171238,0.337419580398701,0.136213541531429,0.134455477384276,0.126434301435058,0.0422964847758109,0.0490894764803816,0.0002277310636913,0.537888131102017,0.000257297164253478,0.00514047834573012,0.468215455124531,0.00407767554030011,0.183069372000904,0.00044063136778555,0.000316105818577674
0.0154780088435678,0.0113266211517211,0.0115501274378983,0.0194461951002174,0.165598614460279,0.0151757391273848,0.0680367027894127,0.1817416185207,0.064045789780154,0.197179384367715,0.359003509652984,0.142465231167071,0.141128853561645,0.120683196864639,0.0397612758327313,0.0514740851367677,0.000230212054263371,0.519233776552639,0.000273114678625274,0.00498171149527023,0.478315867988727,0.00410167600102559,0.186297860586345,0.00043641911828783,0.000256248670969863
0.0138559486529086,0.0139997668559724,0.0103700608369812,0.0101826633706583,0.137936251300733,0.0144049856321796,0.0599802180476057,0.17972481846867,0.0633197930034182,0.196452214503237,0.390223188776831,0.147927994408474,0.133704486067628,0.100139144193608,0.0398766413541378,0.0507371800323204,0.000234406308661091,0.513471948006905,0.000273397034181574,0.00411070215361231,0.471990925727621,0.00417965900902812,0.18891339947364,0.000405644224426727,0.000192410208368277
0.0176433384426652,0.00636979591593005,0.0109376449638865,0.0174653568733988,0.0989367668983292,0.0207778714056596,0.0545788293566394,0.179221367768677,0.0642001899979992,0.198738113186954,0.406700370710935,0.146213362125962,0.131003859968025,0.0893992224327393,0.042302008199621,0.0505754601343584,0.000237515910828653,0.497984810332577,0.000272190093651553,0.00334826136840995,0.463498238002991,0.0043543639495669,0.191395594323017,0.000377259335501102,0.000160087866656669
0.0201726605456073,0.00660876622098651,0.0114243175655085,0.0139429380839424,0.129461330669897,0.0176090273625074,0.0571582614331036,0.171728750301848,0.0633101186226911,0.202295794778042,0.427216466717923,0.142800996284324,0.128436985958471,0.0853769273153221,0.0437126154511975,0.0476837063764359,0.000238060016975316,0.509554487682689,0.00026372775475515,0.00292882136749142,0.440657073764697,0.00442858094215463,0.192402393492649,0.000343274891078441,0.000177354823097088
0.0256503660105397,0.0118752372905155,0.0102780111259295,0.0144622527415149,0.124992615220086,0.016001009625774,0.0674031691257125,0.164957610735651,0.0635327053474408,0.207003310180024,0.447253523608231,0.137161356287705,0.130695797270998,0.0885859196485415,0.0457868976020636,0.0457824957789288,0.000237171667454046,0.512946741497292,0.000252122372234364,0.00283455853498153,0.406764851986638,0.00453745631748418,0.19372463012806,0.000313670499298651,0.000239109433878464
0.0218623243790141,0.0116198769805869,0.00948318956676176,0.0227669363097465,0.0802540754185583,0.00925177918242683,0.0764759895426817,0.160491799433258,0.0652079343548731,0.199264266887793,0.463692419473392,0.129605339698846,0.130838442132853,0.0903198939437562,0.0485534493040289,0.0409662505098773,0.000235330869126226,0.518578883657011,0.000240633530354593,0.00307936886727491,0.363807869818439,0.0047681981985852,0.19640271603178,0.000290555446106397,0.000322977649861925
0.0145603010960784,0.00895058624634918,0.011450787377953,0.018931482512924,0.0851449731153286,0.0166350051049097,0.0783324362674054,0.150533493096932,0.0620060338613974,0.169998344338441,0.467492391333415,0.116604937249323,0.126256204087974,0.0886091849426168,0.0520296552418937,0.0369579017851529,0.000221337337892045,0.515886402414025,0.000208733485056854,0.00379796755028867,0.312593307777997,0.00441962020743251,0.196231094840697,0.000288448962494172,0.000405995754468554
0.033335950586944,0.00644801501047364,0.0129465564962371,0.0169515301376118,0.104629663020513,0.0282550877715351,0.0763341470994094,0.139998889667558,0.0585136406685245,0.14342804479534,0.460409332335778,0.0994026728117,0.119754440318928,0.0871333629189169,0.0559854599596227,0.0364434828276763,0.000202890517735469,0.50938876930592,0.000172369148674352,0.00456808991071159,0.262226856476363,0.0040252958035167,0.195473726055255,0.000296274104634532,0.0004754760565787
0.0278172551168273,0.0103478724874921,0.0147943188160794,0.013871114034339,0.0550936043305153,0.00696683425777582,0.075665686881218,0.134935934928615,0.0577258670037555,0.125596747126185,0.45395983258204,0.0838793659635286,0.107263260846535,0.083478712032911,0.0612387721176772,0.039749760042354,0.000188993554039378,0.508986893989418,0.000139484395425784,0.00511320124943791,0.210466677495572,0.00390627658157026,0.194515263585745,0.000308922150052895,0.000526108273801707
0.0249527866992955,0.00841604926452737,0.014541017318283,0.01531743661413,0.0516350867201984,0.030765164430293,0.0786328149052614,0.111301881796412,0.0499874136218794,0.109088929141595,0.417234323128596,0.0702920912170119,0.0934036551288231,0.0825064691435573,0.0660307651174949,0.0452058215949994,0.000179016855554002,0.476835326953843,0.000105723062021929,0.00540193648732543,0.182934573044458,0.00337853202219412,0.19095382687234,0.000299863032987752,0.000570600579624979
0.0172286511114344,0.00846719328846932,0.0132000752255025,0.0143447747653398,0.0513071040327355,0.0160631209385231,0.0804101645783829,0.0949798568291244,0.0451491625239529,0.0978837054427354,0.376651713411647,0.0582873585799506,0.0769390472701129,0.0758382853874075,0.0715683447994922,0.0514944345473375,0.000160252366930978,0.444697133949901,8.85800590168505e-05,0.00553177140737176,0.176632892861076,0.00347936903437357,0.185860587719802,0.000288233668850315,0.000613786968063612
0.0212221521891461,0.0114315607550887,0.0143923855457701,0.016316773131627,0.0611580092101353,0.0242681751208072,0.0813135412271411,0.089062195378153,0.0446559322803526,0.0939849965259697,0.337235913621189,0.0511584313617475,0.0638376726590555,0.0704424856763321,0.0776321418489181,0.0570546693797112,0.000143137268641629,0.41122561962911,0.000103641403970748,0.00556228437159354,0.200122902099039,0.00412239176639286,0.180096860954559,0.000273475470782245,0.000637169760411685
0.0175658483192072,0.0127027374055926,0.0138739951261808,0.0135475376702154,0.0557718795325387,0.0312573760497067,0.0865911167261455,0.0887671000921858,0.0450846188273346,0.0968548419383958,0.302103303092133,0.0473489609110224,0.0613204222030249,0.072961442873078,0.0821132519522066,0.0595387713591108,0.000129873548755314,0.360656838661484,0.000148224286083486,0.00501371600642074,0.227375781699343,0.00468342197090186,0.174041151196716,0.00024222270198384,0.000642846209193943
0.0185785416552374,0.0142204263449938,0.010716883883033,0.0148216302295737,0.0839081220552914,0.0270955229305292,0.101041467535826,0.0869394468200495,0.0422644489573195,0.115886844941341,0.269103475758013,0.0450704282928292,0.0620672433922099,0.0762593837253909,0.0845630067856211,0.0621601274007907,0.000123444519901126,0.310923806654207,0.000191888126170464,0.00527114116263923,0.261233913379478,0.00514845201047158,0.167049394225604,0.000223764853632018,0.000636318838936561
0.0149839097242107,0.00982683388071441,0.0106095465024462,0.0193707498649082,0.0878295132872519,0.0237818500676935,0.115429796424132,0.08511041343795,0.0382981434173774,0.137736546096623,0.235881379828233,0.0446850812308821,0.0653230219770786,0.0818860624274675,0.0867659559128972,0.0658370782033784,0.000122310907209207,0.257445229119082,0.000230454387913356,0.00604317977728867,0.295681421360535,0.00541372216452675,0.159315123599157,0.000202279960465314,0.000627589857578179
0.0111337136156318,0.0056610742477357,0.0093427863361372,0.00730495604662981,0.0574212800037204,0.0136224189065236,0.131679081340131,0.0832552422105324,0.0328184387964365,0.147050721963793,0.202247856210757,0.0425496180132602,0.0619195572495256,0.0745610723413374,0.0898156622269459,0.0698197374320935,0.000109456702681217,0.19996534557711,0.000255919802622406,0.00803134006941973,0.326878317884713,0.00527989800865079,0.154568618483411,0.000188103156751585,0.000606773365731743
0.0221102910550946,0.0162065872701406,0.0110187072929992,0.017489943910846,0.118727460843211,0.021166648581054,0.150529085082429,0.0767416063895046,0.0255520333973776,0.161064782761291,0.178915179392284,0.0410118756634279,0.0643355798252033,0.0671768799746482,0.090477336483305,0.0746854577711244,9.99605294615367e-05,0.152355835112843,0.00027680262215407,0.0105906114027668,0.354428239878862,0.00529035712552179,0.149406376957559,0.000222851382100942,0.000544987683415953
0.0173278394092361,0.0115615601215054,0.011264636235653,0.0162156267310184,0.0847461790625809,0.0180471133399694,0.16231299323053,0.0727052255012282,0.0186138107551724,0.176749018452913,0.168528253794267,0.0385385891045664,0.0653667396715554,0.0597588856768193,0.0875236881903877,0.0760181906225016,9.840340887029e-05,0.121609235272926,0.000279991504548193,0.0130334323837857,0.353673378512176,0.00507461823396192,0.136849195084747,0.000276650050248743,0.000479758018569727
0.00698402715013092,0.00911849408566049,0.0101016010680894,0.0102110531058097,0.0907044669209105,0.00932327855503095,0.171055346469554,0.0736247788564512,0.0141262412803387,0.194912705659835,0.160543104736798,0.0362786581205093,0.0645463125152886,0.0521091999429603,0.0841634200681092,0.0763280818694913,0.000102982728839604,0.10822655753343,0.000273824270670369,0.0153301574078422,0.340335232328994,0.00505375797089502,0.119949475706534,0.000349726578024055,0.000440594073843441
0.0120912821072083,0.014276216891151,0.0103215859860155,0.013940652571767,0.145970356387089,0.0184813603654175,0.17812229664841,0.0753320907391634,0.0125169140690638,0.210670182118207,0.148424808055629,0.0330941191607276,0.0643726873168156,0.0442856807161751,0.0800841293243954,0.0759650352921461,0.000106350151409266,0.110076406349609,0.000263654714222437,0.0172993374564049,0.321270904125324,0.00526075098346215,0.10381643944378,0.000436477201612538,0.00042793298890198
0.0157741199835369,0.00752037740300578,0.0103488785427784,0.0160250874433294,0.0643208326492693,0.0118817093729505,0.167811107107328,0.0739801277916611,0.0129490977925684,0.205401488769528,0.140301617751655,0.0300921937415087,0.0662282276006443,0.0394831627793867,0.073886724789979,0.0714018664610435,9.61230100225327e-05,0.105601421006432,0.000237818237528285,0.0176019548290298,0.281393620406024,0.00502631759797746,0.0856636880791984,0.000471484258012527,0.00041293026880198
0.0199246808165299,0.00734884992920574,0.01268753727588,0.0253722183398526,0.0863167816923973,0.0156448543920917,0.159854333846385,0.0779262220777705,0.0142299643636121,0.198909440799762,0.139058275603014,0.0279706509358429,0.0704141404677927,0.0427051111926145,0.0718079672697145,0.0689898337865046,8.55256158287047e-05,0.104960762702132,0.00020813044918243,0.0176906009601836,0.242728408679221,0.00504543909534151,0.069867101565943,0.000512131407384635,0.0004295771961862
0.0130134704869492,0.00818466047741686,0.00986683336367605,0.019154184891826,0.116165529883902,0.00818075727564874,0.155617159212754,0.0857691943460154,0.0163933376004698,0.199079195537641,0.127496900580201,0.025772859860512,0.0742430224539682,0.0499823218723316,0.0685672409387539,0.0681208170042314,8.28846452523205e-05,0.103809899458607,0.000179855581240888,0.0173603868636458,0.194894259176843,0.00509317388611277,0.0606598296255506,0.000544175840941532,0.000462138770579054
0.0117784183648373,0.00782110886094091,0.00733667391858555,0.0091949655082342,0.0471773214854764,0.0100298390574165,0.18487564652069,0.086858028012954,0.0183133523980098,0.22504574534059,0.12283713625345,0.0223638812365753,0.0808608019749403,0.0585418864503395,0.0667655861110712,0.0791176925830552,8.94868330072537e-05,0.0985423063784903,0.000152566658715313,0.0165081886002032,0.140509521026611,0.00555790020891808,0.0441088903160654,0.000549158798458553,0.000488322032868387
0.0188751024666678,0.00822011297499574,0.00681051826142125,0.0137215083624503,0.0506352594913902,0.00699284120192324,0.209503141214375,0.0897449354547988,0.0203538831424485,0.247054586305413,0.114563070370428,0.0196532701072942,0.0875889322418943,0.0594916641859998,0.0632581887325776,0.0897396744253779,9.8862404727991e-05,0.0965310710271756,0.000132214343034264,0.0149258580890284,0.083152371283163,0.00631556933952943,0.0296081887140864,0.000562936782842555,0.000557685270916166
0.0124184138753042,0.00834957378782982,0.00667192711409105,0.00759560651815752,0.0463947034396445,0.0112058285332837,0.2053731446854,0.0872358123341945,0.0215935758003729,0.241022729907563,0.100413973075018,0.0170610244222571,0.0913259911558023,0.054969217289066,0.0610026119907744,0.0887553616700035,9.93960783339702e-05,0.0868241942564797,0.000116063076550846,0.0129428829705726,0.0395683696986056,0.00715434745667813,0.0209837974582933,0.000555148979853698,0.00059602278130247
0.00865989897572826,0.00598128890916635,0.00860436568628649,0.0127496617019331,0.0315454597034574,0.0133806594380809,0.207031821485182,0.0831653160062151,0.0225301080834636,0.24223988931402,0.0836259873881999,0.014479937365736,0.0936303844044785,0.0533715516815441,0.0612914330748887,0.0897539267666198,9.8698845300622e-05,0.0852564280700932,0.000104980179446759,0.0110610459807875,0.0274957738810411,0.00808527175169461,0.00972728689989854,0.000538426431851161,0.000616990227486812
0.0130428385325214,0.0046596029208112,0.00657548353485758,0.0143352623089627,0.0331427345528301,0.00802634813810242,0.198969065310231,0.0829174938843981,0.0236811071473629,0.237673256949227,0.0789564346725216,0.0127932311321795,0.0969447826480431,0.0547962210573462,0.0642054542644167,0.0900278120079352,9.48825196622303e-05,0.0851333913583806,0.000109090664061178,0.00855979401989314,0.0179536474200036,0.00889264627940711,0.00478391655860356,0.000529654386583527,0.000633060099119706
0.0155102103524045,0.00702239393833679,0.00407699460861686,0.0103003813990316,0.0200417808898443,0.00850628002612534,0.201317227980467,0.0864228880658642,0.0243746316956523,0.226583740392698,0.0890355107444395,0.0123010041074321,0.0947341042727548,0.0551835083055396,0.0658202058521066,0.0938210095752976,8.96623995189356e-05,0.0798816357765061,0.000112571640164243,0.00744510542992704,0.0142794734341532,0.00960525103953292,0.00344466492262154,0.000513974168089894,0.000664001835455786
0.015571301943349,0.0078820699509926,0.00328910279553103,0.00997153304758321,0.0297303987441648,0.00637994336648261,0.19306174527163,0.0843202740984114,0.0241403787483349,0.200492533446231,0.0935564736947939,0.0131800292668282,0.0842408907044207,0.0507989582745047,0.063886529173747,0.093088920855257,8.00579489920251e-05,0.0684031829167756,0.000107764150059044,0.00598319927106176,0.0147017350105372,0.01021150733269,0.00312175271437484,0.000481031328516416,0.000658754400150075
0.00707327011826833,0.00991922436051126,0.00475975689431259,0.00705501190666078,0.00920149653124528,0.0125400082296173,0.1679660212019,0.0791315948085838,0.0233734763433385,0.164256415891109,0.0897971642921829,0.0148254038583385,0.0686752912546722,0.0441534000004639,0.0626486201089764,0.0835112138493433,6.61474275393565e-05,0.0571277180154712,9.87506352164846e-05,0.00479870699813857,0.0147775183699034,0.01048992971882,0.00353370186285414,0.000418209087376305,0.000549805429521537
0.00348258639450238,0.00878075417584303,0.00430431926886216,0.0164668046517331,0.0213064903662501,0.0197472822190887,0.138909010543505,0.0783664200224519,0.0243822088180903,0.132382443983825,0.0902543422920923,0.017823664526483,0.0577245031736529,0.0453488786138021,0.0625720887810534,0.0731225420626986,5.60654915940382e-05,0.048361106728844,9.72977352238519e-05,0.00456407096083851,0.0148799134239611,0.0108697973144708,0.004008079476137,0.00037561236621786,0.000435281423159798
0.0158443313240684,0.0170277081883924,0.0220376857553224,0.0285039884943844,0.0457948832040267,0.0662145294415767,0.130564409017683,0.0877283426965949,0.0266898472345887,0.125023353182164,0.11219504880323,0.0230635581085159,0.0528577195395871,0.0530157528916751,0.0624122898312789,0.0683253731603533,5.22185230331711e-05,0.0459042394133137,0.000109063188602771,0.00471997650807836,0.0158212065584451,0.0114082606586944,0.00422502236056953,0.000358698227895632,0.00040861792204381
0.0312286442729323,0.0333522326238534,0.0422332213603873,0.0439140899938343,0.0804936726798341,0.118796901070356,0.123504479420286,0.100087075992012,0.0298823473461706,0.118347675836134,0.135536923546643,0.028846094854546,0.0485151190875965,0.0615043972660934,0.0623696365920057,0.0642827530055149,4.8484765514811e-05,0.0437611413398634,0.000121461885236415,0.00511731340789416,0.0167880747830343,0.0125041264176456,0.00460747977018379,0.000344828667433537,0.000384603914611439
