pelvis_tilt,pelvis_list,pelvis_rotation,pelvis_tx,pelvis_ty,pelvis_tz,hip_flexion_r,hip_adduction_r,hip_rotation_r,knee_angle_r,knee_angle_r_beta,ankle_angle_r,subtalar_angle_r,mtp_angle_r,hip_flexion_l,hip_adduction_l,hip_rotation_l,knee_angle_l,knee_angle_l_beta,ankle_angle_l,subtalar_angle_l,mtp_angle_l,lumbar_extension,lumbar_bending,lumbar_rotation,arm_flex_r,arm_add_r,arm_rot_r,elbow_flex_r,pro_sup_r,wrist_flex_r,wrist_dev_r,arm_flex_l,arm_add_l,arm_rot_l,elbow_flex_l,pro_sup_l,wrist_flex_l,wrist_dev_l
3.84275710528005,2.07063009430394,5.3140909751331,0.10446925044384,0.012639233981365,0.0418180021905943,3.4240034031452,2.51628567678154,9.0797388577145,4.13794287141671,5.79138350280656,4.38914254275586,0,0,5.52522359901968,3.07876517925341,4.06856124832213,5.0937685242951,11.7733821265077,7.06012062750627,0,0,8.70886015047636,2.67354162931687,6.98319219601678,18.2997992322444,5.88849132510318,8.85636949824527,29.695051570245,20.7162416204252,0,0,11.972302049351,3.08127869646488,9.29963850028933,30.2137658946015,20.796893919169,0,0
3.80718275565349,2.08362460895259,5.23725307484518,0.104553219319792,0.0125291185542706,0.0415482151670145,3.37849503790183,2.57827278344911,8.77191963081635,4.15571112791561,6.21137309308839,4.45020763530109,0,0,5.73346802539769,3.03473133059033,4.18426508496868,5.27665163530872,12.8696326844291,7.12591552380429,0,0,8.60725594882354,2.63018435202068,6.8243758185109,17.9289870421696,5.81828416903106,8.81459929872421,29.712334366872,20.7162158396641,0,0,11.7659221334694,3.08722228430373,9.34962231925728,30.1288243175171,20.7922568237854,0,0
3.7711560564383,2.07778068414992,5.1706016903617,0.104606291288643,0.0123987973534789,0.0412842335125042,3.30738696799596,2.6298915871211,8.46378175872659,4.12730550257807,6.71872013196281,4.41410460572817,0,0,5.93838158297364,2.95389008935815,4.32721448118139,5.46558600233319,13.994598793207,7.1253373215283,0,0,8.50988106227702,2.56928092389641,6.66774347165919,17.5395052532743,5.73535266407958,8.75900756540212,29.7282246225765,20.7150135804875,0,0,11.5486139090277,3.09282578087885,9.4234199637481,30.0222322040048,20.7860131935815,0,0
3.73357640597509,2.04739335121984,5.11256529963383,0.104615577092229,0.0122873143913754,0.0410452868297776,3.1973809349201,2.65473908201844,8.14789839738172,4.02797048414468,7.31549712259019,4.22449487973825,0,0,6.14714961782951,2.84506532827776,4.48516767149268,5.65777649068535,15.152355171443,7.06687021060636,0,0,8.41256709647655,2.48305547715645,6.48907268953856,17.1176844479309,5.62302840837669,8.67660962102009,29.7406196804379,20.7122870044236,0,0,11.3075882142999,3.09524280875593,9.52691684192637,29.8867191245844,20.777454645645,0,0
3.65633713685924,2.00079275346587,5.05864932938659,0.104618108927603,0.0121379927777198,0.0408483003676058,3.0727141188414,2.60988035327098,7.89681686665307,3.8403724275143,7.96033226232555,3.74267125527011,0,0,6.31177118237452,2.74869434803702,4.63967611203183,5.82483754529617,16.3529308318734,7.01467351554974,0,0,8.24525319954558,2.35816384445313,6.30438881360951,16.6158519874353,5.49452629144134,8.58571001805871,29.7266955719251,20.7115271299638,0,0,11.1034169645411,3.09173839516208,9.55477941854651,29.719890980551,20.7683459322624,0,0
3.58250639582201,1.96598975869259,4.98086209470118,0.104673821359138,0.0119946644903639,0.0406932015204603,2.90333332609098,2.54355969346155,7.56824370288025,3.67345521517464,8.61028871837125,3.21114501125769,0,0,6.51114311824887,2.67668245206876,4.768067848724,6.01790064215957,17.5608537794318,6.96752639516558,0,0,8.07189902202322,2.22759129469248,6.12666049925051,16.0847574452808,5.3592637733651,8.49003433417038,29.7042231051937,20.7106044229712,0,0,10.9162017677445,3.08444752286033,9.57302842128579,29.5245239451308,20.7585114354704,0,0
3.53457830356349,1.91884442663037,4.88437768601079,0.104825747332087,0.0119131073872653,0.0405796659925475,2.77582386714226,2.40961317142041,7.18529671408597,3.58048894799982,9.26703676365929,3.5099402997618,0,0,6.76832003885163,2.64698892840521,4.8717138819373,6.21476867832939,18.7772191771326,6.84902324538577,0,0,7.9112154534128,2.07308390759,5.91125946270349,15.4919095814365,5.18390697387993,8.3463824594509,29.6637797905141,20.7081784974481,0,0,10.7193858245141,3.07916972158879,9.58731218262913,29.27452421511,20.7455646776375,0,0
3.46358303343596,1.87832579383978,4.76651803245018,0.105027305185251,0.0118404316209137,0.0404346554155337,2.65376659897115,2.26816898066796,6.67413901665725,3.745147519626,10.1096983879603,4.39784269320403,0,0,6.95373547652966,2.64045628134772,4.92906978985092,6.38316716388035,20.0028438939006,6.89095950754746,0,0,7.74211052274929,1.94514058027233,5.75468421046837,14.8667535244826,5.00930396322771,8.20218627269992,29.6126624063529,20.7057760623595,0,0,10.5433978294249,3.07163320342201,9.57924047875009,29.021960310754,20.7316847976137,0,0
3.39406024277794,1.8699935376265,4.63622431928176,0.105315571049936,0.011820818461285,0.0403131507083785,2.59652567468597,2.1427110697225,6.11974423948043,3.99494520202887,11.1101761192855,5.3854642725871,0,0,7.1200922748648,2.67668920062447,4.95723297944686,6.52082042297675,21.2358377882697,6.96027258041072,0,0,7.56525554521043,1.88430936407732,5.60259962551618,14.2060636632532,4.81362966597435,8.04132660213243,29.551881392432,20.7017367822316,0,0,10.3877938538975,3.05420102015296,9.56649367507802,28.74813208695,20.7155543070447,0,0
3.3817334404094,1.89833112964942,4.50141214079654,0.105651234497982,0.0118664901841764,0.0402024819772451,2.73847983899596,2.06368020367931,5.58754016162069,4.24709050885303,12.3202728596309,5.98144820749397,0,0,7.32937640679845,2.66043075996055,4.93789374712051,6.59151427021026,22.4753763952031,6.96389446113862,0,0,7.4473825060545,1.87524275090061,5.43281150142783,13.4908829410866,4.60753145180368,7.84753738986945,29.4406319421779,20.6950489718011,0,0,10.2455929348576,3.0540057532957,9.54786009307811,28.4164132054329,20.696190165477,0,0
3.37253669762049,1.9735065210637,4.3654085770298,0.105890856825256,0.0119199168040191,0.0400907225726905,2.87081574113839,2.03516021984069,5.1786775622728,4.42708446574797,13.7483057293211,6.23455303236735,0,0,7.48102468285373,2.6363531168366,4.88584647505506,6.61235273764429,23.6977864726551,6.97306241349775,0,0,7.34117863868749,1.91104006560315,5.29506076187762,12.7631291598006,4.41396692438874,7.66000993692054,29.3187880633572,20.6888075249189,0,0,10.1128371530664,3.06616494688553,9.53629972685082,28.1018731937473,20.6788235589509,0,0
3.33148520435122,2.13085411797095,4.24214022100444,0.10602987636858,0.0119187720196545,0.0400311701910328,2.97874891004851,2.07025030671082,5.11054056423657,4.32031286967002,15.2001203296744,6.27287202841927,0,0,7.56629646372237,2.60192285410399,4.80360013436891,6.52178584230482,24.8935939697079,6.98713571211658,0,0,7.17143999559217,2.03853263318166,5.08664215263421,12.0149128191531,4.228172477446,7.49337570104796,29.179187867998,20.6823658684332,0,0,9.97732423647534,3.0842707026402,9.53683211535164,27.815703524484,20.6635176752187,0,0
3.31614941355809,2.29787485300395,4.13207824241778,0.106073464732218,0.0118554798076294,0.0399885436678767,3.07118629815014,2.13162823638279,5.23161291270938,4.1532241081421,16.6241162549731,6.24707397791168,0,0,7.63374232661233,2.58785010751879,4.73280166740723,6.36615450056018,26.0378966276207,6.98818726077767,0,0,7.02186867464402,2.18972410881959,4.82144602405293,11.2822675077961,4.05552110775936,7.33557056390773,29.0124928976006,20.6778742866186,0,0,9.84944929351006,3.12622999574463,9.52677598751869,27.5379219953715,20.6500056257292,0,0
3.31327616924959,2.40890966883844,4.07664703005748,0.106015733429418,0.0117336602250886,0.0399029617033652,3.18197826206377,2.1711168454162,5.52590833736053,3.94758603035744,17.8648440170551,6.18093841451167,0,0,7.6463200195079,2.55857223683797,4.6754406371218,6.15169069644956,27.1315004762509,6.91305159535042,0,0,6.88056215699393,2.31790382524127,4.5575626744198,10.5580519641122,3.89155589437853,7.17432370320797,28.8166685430112,20.6735841079978,0,0,9.70743135404972,3.18411617147259,9.54019221638483,27.2667139661837,20.6386228743471,0,0
3.39104818550873,2.47211097351816,4.08271711709098,0.105917669346655,0.0116100972689707,0.0399048422381735,3.32473093319887,2.18747238659118,5.79641590407831,3.77253497925681,18.9284106324228,6.07148338199564,0,0,7.71483239133442,2.473788996647,4.68784794397416,5.87907231255121,28.1653104239071,6.75048968361889,0,0,6.83768156627712,2.40567311570354,4.26289770855261,9.86051600348967,3.69892775277287,6.99144132829902,28.5727281380468,20.6718157127863,0,0,9.52214465216739,3.24553798060544,9.60757018495401,27.0086400181709,20.629435489673,0,0
3.49961862860407,2.47574059426119,4.09267099738125,0.105847307604454,0.0115185585390625,0.0400187812365083,3.42452980365863,2.20530291708229,5.96254123555229,3.69692498679034,19.687873025182,5.92535675569322,0,0,7.78998718950784,2.3399223819081,4.70435760549608,5.60308327260969,29.10752928154,6.6436331238114,0,0,6.8633560445734,2.39941327115955,3.9525095253801,9.23210061549608,3.5362131036141,6.85036360608575,28.3087098214166,20.6700446062823,0,0,9.35943560070089,3.33794046926981,9.65990817180155,26.7572747109299,20.6200068669929,0,0
3.58425098114331,2.43127171465707,4.07427160348256,0.105795255485356,0.0114572268277471,0.040210178839081,3.42460933949664,2.16170615115735,5.97776550001586,3.53849952278409,20.1042572635909,5.71947192268826,0,0,7.81260410765516,2.22563776017103,4.67598446086579,5.30065160195437,29.9526568311013,6.4883585606009,0,0,6.92557432885499,2.35433432550636,3.70341558778102,8.70033681569196,3.42047860220641,6.76409353654971,28.0479567391284,20.6660213831734,0,0,9.17762888434578,3.45623301488138,9.74032651095181,26.5239980561519,20.6116737870086,0,0
3.59986237029471,2.37609968063175,4.02001130612368,0.105787386598144,0.0113690827392722,0.0404237246037489,3.3429601742468,2.10070321761021,5.93192448410112,3.45131065048962,20.3006210359658,5.47084496515811,0,0,7.74424361501131,2.13360551290275,4.63664298855045,4.96869780058211,30.715851294673,6.32073221246345,0,0,6.94225683068857,2.32588811366461,3.57027238756187,8.27691372659595,3.30556612650979,6.71487498038559,27.8214784386057,20.663672045555,0,0,9.03150708700523,3.59654725188207,9.86082265413502,26.3281426041812,20.6055177946253,0,0
3.61252040033932,2.36446503628208,3.93167441398224,0.105786322034168,0.0112678982806306,0.0406252812244462,3.25268606995518,2.04226985638532,5.73710359810147,3.29738710638329,20.2540434525132,5.20402589057614,0,0,7.66497227399513,2.11277524745114,4.52153091476072,4.63825714437141,31.3449868650075,6.20177266754543,0,0,6.97675967370113,2.33980130668361,3.45073492586413,7.98920140010006,3.22747303685008,6.72333344641679,27.6201688938407,20.6617804911246,0,0,8.94794445815064,3.77449759819752,9.92992683712298,26.1400456226147,20.5989669261785,0,0
3.60025608273604,2.39104077220503,3.78934599372472,0.105776407579124,0.0111832856600054,0.0408259457309442,3.14131014033668,2.00060626357296,5.49222468619919,3.14038101356926,20.0850836279856,4.91939220992912,0,0,7.53226815304509,2.1294651170326,4.31168733441787,4.29458158928924,31.8555493532869,6.06504762117434,0,0,7.01201382947432,2.38054656776685,3.40192557939393,7.81819305362877,3.21257285713342,6.77091682443773,27.4531182853024,20.6570146936556,0,0,8.91694582796311,3.97463165764524,9.9596917882729,25.9804279399285,20.5909467157353,0,0
3.5842598144359,2.45470327418943,3.61656801789083,0.105782029789266,0.0111357058375486,0.0410377934518036,3.05356346741296,2.01074616063224,5.28450551355864,3.08735277049933,19.8462636166722,4.72872190788137,0,0,7.3776812072786,2.18330527146583,4.04443097647907,3.99371147330487,32.2705064164094,5.95698369214754,0,0,7.04884188288542,2.4684142614998,3.42532805874454,7.77084639405806,3.20275472131632,6.87946612520725,27.3068829280903,20.6473023037893,0,0,8.94342176420997,4.18135662950458,10.0135734617528,25.848982124936,20.5779004874322,0,0
3.56912377928776,2.54743136461007,3.39554809129559,0.105748488250746,0.0111035670381184,0.0413095694093871,3.01943300734571,2.09731808220234,5.08686891506956,3.13461656801858,19.5414675291094,4.53380818045988,0,0,7.18724174060645,2.20814449732946,3.72524717433152,3.69218185811443,32.5442039955136,5.89569892466049,0,0,7.0917587907502,2.53303243037312,3.46581328913697,7.80060387080219,3.18755487693872,6.99981607427026,27.2154856768869,20.6204437400644,0,0,9.01726427102801,4.34812537729368,10.0047183668557,25.7373862096485,20.5554399811329,0,0
3.59806677247288,2.6358210849124,3.2443184620758,0.105729275442527,0.0111307865560232,0.0414988599550483,3.04499645178291,2.22919391399108,4.93023775828175,3.30209918331033,19.2140115139234,4.34868138919123,0,0,7.01316869605074,2.24486035612796,3.5096544352923,3.4314449221136,32.6931391976919,5.76912308849615,0,0,7.18372408406211,2.58075155644947,3.46295393621093,7.85027601876297,3.15685724793691,7.07977408597806,27.1783814730438,20.5988572676486,0,0,9.15535532606326,4.51406405422054,9.92803776152518,25.6624748200717,20.5371483131163,0,0
3.6454707047168,2.69812325700039,3.17523373530216,0.105719157103289,0.0111880623530731,0.0416344266597436,3.10909235595429,2.37595092656229,4.81813702869774,3.58012003776973,18.8550855161298,4.26704812410591,0,0,6.84584421341852,2.26315819253481,3.42164941085671,3.22295656791068,32.7220901769866,5.60042966009671,0,0,7.29642851779712,2.59772384377398,3.39218113598521,7.87657741382283,3.08573577056467,7.09400972491038,27.2418160228262,20.5865814389105,0,0,9.3793058420605,4.675243965134,9.73930272748384,25.6580448406577,20.5243957964313,0,0
3.67288332256016,2.75964893618283,3.07799847837615,0.105669174177522,0.0112966604921585,0.0418798922256481,3.26071138004777,2.53035598240164,4.74325943690888,3.91134337841192,18.4357134417445,4.19573963227811,0,0,6.64964594709919,2.26329886663598,3.34839230732173,3.12347223964215,32.6025430415027,5.43461687547997,0,0,7.38830355956979,2.61820716904882,3.34573826638679,7.92901312534427,2.98717646784274,7.13747355710036,27.3078070785743,20.5768617539238,0,0,9.62820329698858,4.77104086812573,9.62679587425252,25.6633403738614,20.5153124043505,0,0
3.70276760440182,2.80118929786366,3.03945789596469,0.105623856329854,0.0114569786185615,0.0420681771627667,3.41161951908107,2.66781735844973,4.72678469676177,4.23794874807998,17.9601495694069,4.29530516557164,0,0,6.44298778759198,2.29468079861248,3.34779295303642,3.22475301532221,32.3496521355419,5.2755903306611,0,0,7.47975631668909,2.64274281013222,3.23537154026168,8.00738275043095,2.89049827092406,7.19180990013968,27.3615722305654,20.565704257268,0,0,9.91346158250398,4.8362709125251,9.52515304352484,25.666343952229,20.5061336269317,0,0
3.71929371390387,2.83087320527306,3.04009940824307,0.105592216409847,0.0116000401360402,0.042218680675267,3.52549592682664,2.80745491663064,4.79213423241801,4.54288958491508,17.4473915004732,4.58126783503988,0,0,6.21729226194724,2.34355121801466,3.42818830369407,3.3902833551415,31.9656330361708,5.11653380674668,0,0,7.57256761243308,2.67882321468157,3.04584164075483,8.02721263857474,2.79600806399076,7.20811804518624,27.4698161869954,20.5659220147738,0,0,10.2348512990755,4.8981394857218,9.36059509945344,25.7510606325205,20.5054533620178,0,0
3.73079449046579,2.78852523510036,2.99526249061979,0.105545049267219,0.0117218296414262,0.0425347958632133,3.45578738245659,2.86970775345421,4.86120619183284,4.74240450795893,16.8512538083172,5.00804854367469,0,0,5.95006595479575,2.25297326482325,3.55966916401753,3.58690946111963,31.4346741607531,4.93851360552156,0,0,7.66151371990101,2.65612117057891,2.90985572890914,8.02787761958301,2.72575168008902,7.21316310433437,27.5823581013074,20.5667456371504,0,0,10.5854279310209,4.94451130929798,9.18637250955303,25.8506308141289,20.505134895428,0,0
3.70315686339374,2.73488981042895,3.03275611139541,0.105530353752477,0.0119462594007212,0.0428319281354442,3.37613538536508,2.89832555824159,4.99710219885475,4.83763247064537,16.1753092950216,5.68474666461445,0,0,5.65601636579301,2.18102016632931,3.82714808990606,3.9268317232628,30.7629322000696,4.75165245384885,0,0,7.71596750353187,2.61430138871083,2.7395060621803,8.01136170995355,2.68162485261422,7.19988127542163,27.7159423398923,20.5701086385745,0,0,10.9814301240574,4.95199986945071,8.98685953753167,25.968703441257,20.5064484037134,0,0
3.71880069620498,2.67253761166954,3.06550489973125,0.10554044182039,0.0121593021363315,0.0431685283669133,3.23323255804092,2.9202893982366,5.15491620611352,4.85645968547931,15.4545692952879,6.420293651098,0,0,5.40137231726596,2.03656527304527,4.12414397614525,4.28736636093478,29.9528418766702,4.58244874898338,0,0,7.79120966272872,2.56637728776098,2.57551427445388,7.96912631287683,2.67552280009781,7.14208326428368,27.8806483191315,20.5776266248067,0,0,11.415367550646,4.88700596227211,8.76911163373805,26.1298476969441,20.5141077159388,0,0
3.75340769929042,2.59784063937056,3.10802324391482,0.105505382891636,0.0122877536366394,0.0435693281831309,2.91013236226226,2.94758054464343,5.25790006688551,4.80380000581209,14.6782934205343,7.15446986350815,0,0,5.09858683855024,1.84736474967868,4.42618592093499,4.66137939527105,29.0093252361686,4.3990251928837,0,0,7.88791296214919,2.50801508059677,2.45845529551068,7.92551830912377,2.71982677769163,7.08529577922901,28.0445655392498,20.5875561127068,0,0,11.8766051421613,4.81076092902694,8.55183679573449,26.3033090896444,20.5228626438751,0,0
3.7279695604867,2.52803637450942,3.16025403621179,0.105455457134819,0.0124658457400763,0.0439156730533391,2.63596339013231,2.95309235482018,5.38099831295087,4.67401503042347,13.879132498909,7.82678177358296,0,0,4.7652564140758,1.70731559957243,4.73966089134209,5.09409988139898,27.9545664859349,4.24138362265308,0,0,7.92653680266043,2.4566590881577,2.42175866553614,7.88901155652701,2.80180091744347,7.02485696193606,28.2049694101127,20.5974129139572,0,0,12.3513136377136,4.72845929471345,8.39954933367678,26.486966811829,20.531916954787,0,0
3.72602776204678,2.41476198880186,3.22547722998781,0.105450154570218,0.0126063728238446,0.0442309541435262,2.30272121796467,2.91884004205038,5.41943024631324,4.51866081029703,13.0486888335574,8.40292029149663,0,0,4.45282362139758,1.56905342821375,5.03693018265566,5.48506963244289,26.7801611992608,4.06943015544763,0,0,7.98597425291909,2.34279485737807,2.46853895206527,7.86150614643311,2.91690658732731,6.97179786350279,28.360575589099,20.6052840738104,0,0,12.8563285898715,4.63499083249573,8.27466449009707,26.6705864403489,20.5398585718521,0,0
3.76951776388236,2.27184184324246,3.29228626569974,0.105477859973211,0.0126657382876153,0.0445644375238345,1.93034912958059,2.85158160321806,5.34418540685698,4.34548354441491,12.217244063421,8.86349674744355,0,0,4.17896418023977,1.40085401143317,5.3405543679215,5.81729195898699,25.4862144222096,3.85862819015353,0,0,8.08512488270405,2.19255475047362,2.54304993469916,7.83449152682961,3.07000149261113,6.92789108144515,28.5128306356951,20.6174925581238,0,0,13.3948342010296,4.5420779080453,8.11914003500658,26.8875412711422,20.548911586269,0,0
3.78921305421469,2.12254789797952,3.35296008498042,0.105494315915954,0.0127250399885985,0.0448099584665927,1.6446445585974,2.76677185286997,5.23450950219198,4.19063034079046,11.4209884932704,9.19644986373292,0,0,3.90594377035265,1.25421995056511,5.58229979437493,6.12711106136417,24.1019669303613,3.65754989025866,0,0,8.13653981252185,2.03041198797321,2.61169749517585,7.80597912672837,3.21891941223587,6.88095423334076,28.6757736411559,20.6311836289509,0,0,13.9338293317241,4.45235708867665,7.99269326620747,27.0972486340817,20.5598369431403,0,0
3.8147559341497,1.9628158090981,3.41916452126809,0.105530380867829,0.0127689709687174,0.0450019858111042,1.44335980523328,2.66267428936769,4.99583491638491,4.06165412910627,10.6819766449607,9.32332126500016,0,0,3.64409252101814,1.10431325425045,5.75660522540934,6.36453702489578,22.6426099250313,3.46779295109261,0,0,8.18848671056855,1.84784138951159,2.71725534869151,7.79054033109116,3.37117616083607,6.85008773112272,28.8416512657039,20.6429502238121,0,0,14.502619004597,4.35876104864878,7.90137981660104,27.303679244646,20.5691726608481,0,0
3.83953859327172,1.82204127571207,3.47112088426793,0.105579233567074,0.0128213082320085,0.045159431279633,1.35110937302537,2.57654829349219,4.665015763921,3.93554480675934,9.99314926075179,9.28937466499512,0,0,3.42333438383426,0.941408409390926,5.86609159501712,6.51661331856707,21.1147643380286,3.33137572335842,0,0,8.21790248270304,1.67968454397331,2.80151692781065,7.7878231900135,3.52725513325511,6.83212753695127,29.0157159100898,20.6539235817849,0,0,15.0822497768871,4.26043116623436,7.83346946202114,27.5488787495635,20.577533973332,0,0
3.84285329016564,1.73552334552505,3.5195553421207,0.105651193762014,0.0129120708829876,0.0452815314894946,1.45401657483402,2.53563842952517,4.2895711455277,3.79032505669328,9.34917658235192,9.131377561927,0,0,3.26445709272637,0.798220346238749,5.94505675629911,6.59042372639243,19.5527924063871,3.25439356275127,0,0,8.21152075266608,1.55521337917921,2.85939111301457,7.78405642418802,3.65894703796909,6.82241044528413,29.1938046614887,20.6652608622605,0,0,15.6662816195123,4.18487810439416,7.78829400408342,27.7857079831107,20.5866981110198,0,0
3.86183403588288,1.6678791648664,3.54968320794489,0.105742431242995,0.0130124290876481,0.0453697535486364,1.62159733685508,2.50433711789515,3.83886356217909,3.58448103918785,8.77773119065016,8.70259280921137,0,0,3.19271117880219,0.660558325250219,5.96225663763243,6.5738676517726,17.9809204736579,3.24911316826187,0,0,8.24198018476805,1.44289098801177,2.90256516150285,7.77002759439942,3.75937584292648,6.83330550005384,29.3742972289471,20.677702567327,0,0,16.2662103378582,4.13091089956277,7.76006081935981,28.0220569967264,20.5964707395568,0,0
3.89860165080386,1.61385692386518,3.54426001928918,0.105785468480211,0.0131478672327245,0.0454151550313172,1.82518325961412,2.46618028072936,3.37988227915821,3.31393798683055,8.28928354673736,8.04007069870866,0,0,3.1580501792026,0.546717369893855,5.85177620438525,6.48307868906853,16.4078897309651,3.27712635207075,0,0,8.29355397764115,1.36024249553888,2.94245188491812,7.76108525156852,3.82600865073406,6.86818099124786,29.5548476565204,20.6894975055086,0,0,16.8593035239029,4.08837692227494,7.76361497141486,28.2346594859184,20.6069227868041,0,0
3.90796153718327,1.58600032794932,3.52418251451258,0.105851347859395,0.0132685695163234,0.0454365229481978,2.0796583731962,2.44110496956492,3.01648099229447,3.00588534052828,7.89585356420774,7.16015483735157,0,0,3.16083878445002,0.476961658646601,5.69018968832846,6.33888457614762,14.8829722146068,3.33196257489318,0,0,8.29296875331195,1.31131025220601,2.96083273890954,7.7639522821029,3.88216828212935,6.9124603957012,29.7381281256844,20.6999983580002,0,0,17.4414271512171,4.05927473684409,7.80650057648114,28.4337153616625,20.6170758828394,0,0
3.91005313573038,1.52620988774665,3.47924239256441,0.106002789409068,0.0133736195041087,0.04544957218478,2.32560934883144,2.36644541803248,2.69327873824408,2.68342423062756,7.58570055815202,5.97876105697148,0,0,3.23179024856949,0.463470934852955,5.51814979768542,6.08480088805407,13.4291532955383,3.34518015893547,0,0,8.32545779572963,1.20417110007215,2.95101468470967,7.76126980204175,3.90250246880459,6.97956414297466,29.9147115451057,20.709877135216,0,0,17.98524432968,4.05732583919843,7.87158282824843,28.6223035449407,20.6276339212296,0,0
3.89846535156731,1.47363280875177,3.42436446872592,0.106154690309902,0.013455510010202,0.0454460940790831,2.58636947246009,2.30019350623182,2.49400236627214,2.47058124029243,7.36869468869302,4.81553526008721,0,0,3.29287909582282,0.555698076438035,5.39113304536284,5.81870549158061,12.0738008305246,3.28589138770822,0,0,8.34755218549297,1.12045647546385,2.92642189379416,7.7468208828705,3.88171513999614,7.0800419465484,30.0701692972084,20.7199020678973,0,0,18.4787727495989,4.06425399854084,7.92985553367811,28.7712930818785,20.6421506477013,0,0
3.87556787004193,1.41704908162671,3.35905842293456,0.106333245117761,0.0135452656145336,0.0454378081919007,2.85504259223747,2.2380952954523,2.39937741093676,2.43586311978599,7.25783372935926,3.86927643553888,0,0,3.36185089472428,0.693728746105984,5.30272987005929,5.53561899825648,10.8326057214726,3.24900962358607,0,0,8.34483354320185,1.06423379652065,2.88236398470682,7.7391557723222,3.85943748742079,7.16636028161589,30.2142688217686,20.7270081699789,0,0,18.9105687159248,4.08369516250473,8.01415627816641,28.8999269054486,20.6541699187477,0,0
3.83269171631126,1.38510965502075,3.28604429917084,0.106486357385007,0.0136306574458831,0.0454281358049678,3.10938843179753,2.22051777272536,2.41779129127103,2.5779786011323,7.27956037797562,3.39026262214526,0,0,3.40637261175509,0.853704591541545,5.33978775170663,5.23695848926405,9.71899245397654,3.2294860532324,0,0,8.34223588412403,1.06263245414715,2.83244042267142,7.74218458626395,3.84409097692093,7.21979594694172,30.3440158167409,20.7337264363175,0,0,19.2748951183257,4.12839451218889,8.15448447175009,29.0122902412434,20.6624569726852,0,0
3.76741969222638,1.36468179250558,3.23000838376927,0.106633756193892,0.0136595514092272,0.0454216717432828,3.33559834926423,2.23770280981575,2.53187552826639,2.87258338924334,7.48989780153158,3.38008946161487,0,0,3.4394990594569,0.997298106028465,5.47194165337105,5.02010634584053,8.79820584005535,3.21934654583606,0,0,8.31921539386641,1.09832899800199,2.80120803802297,7.73802808976015,3.80048704368098,7.31259522375253,30.4647584069086,20.7398081889229,0,0,19.5895654513471,4.17120001769993,8.29302417363779,29.1250097081563,20.6725973216994,0,0
3.70661569643414,1.33821352900755,3.1916075090992,0.106819853236198,0.0136689220325958,0.0454239752446129,3.58530874012908,2.2522489027571,2.62964946730635,3.23532841223864,7.84111621006897,3.62433852157319,0,0,3.49455623680945,1.13585629289305,5.64155153239967,4.81419685608739,8.03713250314891,3.23000141278021,0,0,8.27348612451216,1.13813168705793,2.77301275865832,7.72645222598745,3.70864046826027,7.49125824126464,30.5537584537837,20.742502432859,0,0,19.796634815897,4.19203179899648,8.35367396214607,29.2404565924757,20.6856931567235,0,0
3.64438775173222,1.30642273649878,3.15101031300166,0.10696299762236,0.0136578936039463,0.0454690787620077,3.83928952743677,2.2435728123114,2.75025627141567,3.61934986500463,8.35029177776659,4.05936033351255,0,0,3.52705059162073,1.26679681858031,5.81758293834672,4.64240475178433,7.44560990995161,3.19989265929118,0,0,8.22572056366458,1.1937272852103,2.75856351084184,7.7265465640362,3.61905027096195,7.63479851618505,30.6077066214662,20.7441360396887,0,0,19.9186353903066,4.21414869326335,8.41968911661846,29.3105206143941,20.6974866138211,0,0
3.57453621531114,1.26266027703245,3.13116115087247,0.107062829148849,0.01359017026067,0.0455882014552602,4.05564622003971,2.21087515707277,2.9441183021745,3.98196639270717,9.06264120004914,4.50020312265355,0,0,3.52078003988495,1.36589797234077,5.94242939134462,4.5490332150798,7.0926760596298,3.1945783624609,0,0,8.17594417266855,1.2610250236482,2.77764899216953,7.7370207738544,3.53034403143262,7.73089251332409,30.6361454090593,20.7434082136372,0,0,19.9499816540995,4.25764138800201,8.53055265803351,29.3649890108816,20.7156899779678,0,0
3.50108683603917,1.20996129719193,3.11568334817508,0.107138241433832,0.0134920762808845,0.0457494861179006,4.26580195757676,2.14657048250893,3.20922726899922,4.30173669888317,9.89912093694189,4.97949401918918,0,0,3.49680636267443,1.43128120530288,5.99243029907209,4.49358386432315,6.91250682330132,3.21788613674534,0,0,8.09785945986543,1.34241615120109,2.78591161907194,7.7496492135243,3.45641783022116,7.8096067396373,30.6424409782441,20.7361874357002,0,0,19.8837952589426,4.29704407205742,8.61816722718477,29.4076740166405,20.7456561759763,0,0
3.41511863195294,1.14384841655354,3.1160292871729,0.107180819919898,0.0133557524822007,0.0459581922096289,4.45400141436758,2.03900546004665,3.57341337629764,4.5974684046133,10.8308590625977,5.41542929694996,0,0,3.43794339437394,1.48418601882877,5.92676167920578,4.4581635963462,6.89762378685238,3.2547571897728,0,0,7.99173351215679,1.42442842089092,2.80300970701484,7.77156648997012,3.40049675208897,7.85283693959094,30.6258962071085,20.7352036799454,0,0,19.7426513449404,4.31861746962607,8.69734176671224,29.4404868273143,20.7563736649522,0,0
3.37896872713578,1.06413890483181,3.13643551716969,0.107183930735812,0.0131915908657676,0.0462351420297245,4.71041887460793,1.86819308803685,3.9365009100068,4.88322957573606,11.8303310397522,5.71957728101682,0,0,3.39523711512518,1.51569170047979,5.74100809376481,4.42770182033001,7.09939269008502,3.2623405570181,0,0,7.91824672286315,1.49727902879284,2.86060376162083,7.79090880272215,3.34793172185894,7.89802243801371,30.5751017844355,20.7330311025302,0,0,19.4824763370715,4.32007603142314,8.75122536629101,29.4597600757561,20.7618889843615,0,0
3.34636650299565,1.00404144044285,3.1650784923966,0.107154333356905,0.0130079088365258,0.0465358711179855,4.97111458050026,1.6873002568332,4.27753390360862,5.14679874719946,12.8719965090133,5.86990831934073,0,0,3.32292332475362,1.54752948968025,5.48425793315533,4.37121016860936,7.44524593473521,3.21087081138985,0,0,7.838372779717,1.56939804067157,2.94839328712556,7.82212656385486,3.30484484092996,7.93185933572825,30.4933755540519,20.7288616789368,0,0,19.1628545798965,4.30806688544046,8.8017181724186,29.4638580202281,20.7670016321204,0,0
3.30241231242919,0.970748016830161,3.19587886735812,0.107106449273879,0.0128002501570305,0.0468550249310597,5.20561968217602,1.50517840356038,4.57152132651062,5.38440021495159,13.9546977463886,5.92415744419897,0,0,3.18243115046024,1.56673319221796,5.19165891210679,4.26687749482987,7.92768487047467,3.12269345066186,0,0,7.75250746820002,1.64040079810766,3.03877838528759,7.86342777475174,3.27196032650829,7.95257921897022,30.375741744777,20.7238277476995,0,0,18.7681567916283,4.26672233194838,8.84744866757134,29.4531665346878,20.7723224379756,0,0
3.2637717857632,0.977085128857318,3.21195056326063,0.107035036117941,0.0125520038815815,0.0471703073528492,5.43986687685641,1.3378323913718,4.79746054950671,5.60591893585826,15.0769646501762,5.88914732838002,0,0,3.06546785284229,1.56253810479427,4.90816310937787,4.1378600672825,8.53339009306841,3.00886463497493,0,0,7.63992041576628,1.70000324087526,3.11116333049807,7.91395845564457,3.25225716477823,7.95976439289686,30.2389926097373,20.7172301644869,0,0,18.2835534203718,4.19380165121133,8.86064289335624,29.4346841975112,20.7774200006819,0,0
3.24185309376352,1.01468219447187,3.2181032136615,0.10694662486297,0.0122865584201432,0.0475020521627386,5.69655826225735,1.19552210049783,4.98129435337035,5.85204115340989,16.2085435619544,5.86153842015229,0,0,2.95020114224674,1.54862538125438,4.69802830700807,3.97074362620172,9.18960927642715,3.07356530429502,0,0,7.52730787563203,1.74440997111305,3.15437213699502,7.97286144882957,3.24780495425328,7.93881067846469,30.0729043429779,20.7090593505525,0,0,17.7267148018644,4.10053979825116,8.84246546269838,29.4039226267891,20.7809087226857,0,0
3.24095974172296,1.08275732380769,3.19215056454431,0.106911763733869,0.0120462786636604,0.0478052763610593,5.97224815834858,1.16741087416227,5.10380318144167,6.11456465518402,17.3490726387132,5.84105886792024,0,0,2.78604080371961,1.48904500912254,4.51824110278153,3.81585354130786,9.87198630944836,3.35125146927087,0,0,7.44400811733902,1.75432693870217,3.17299654448879,8.04417552764414,3.26128898396122,7.90528083726821,29.8691250548457,20.6991758063001,0,0,17.1018541246371,3.97934911151328,8.8241055765889,29.3652127734371,20.7832779382833,0,0
3.23528785832183,1.17679898875391,3.14298978409725,0.106966546417643,0.0118007902799329,0.0480782859021828,6.22878121030637,1.26759031635284,5.13372150880257,6.38803302831243,18.5003539307878,5.80784887300625,0,0,2.57191534296683,1.40918475944911,4.30306507990794,3.84192777367252,10.6032065196105,3.94561290786101,0,0,7.35283703630848,1.76188956227348,3.20712069572409,8.12765253531513,3.28828785499272,7.85943662303409,29.6386125839761,20.6888495187372,0,0,16.4347697680163,3.85001193064762,8.80025366764681,29.3066673278036,20.7843450508275,0,0
3.2448499312103,1.31298641361802,3.07120156457818,0.107132086722728,0.0115721421984931,0.0483254409448916,6.47996331731345,1.42945798204756,5.11839711294311,6.64018349558487,19.6504489250188,5.8127728405274,0,0,2.34573940442027,1.28732994188711,3.94681071216315,4.20300709100311,11.4609949881518,4.73868178442599,0,0,7.30852616494983,1.77570382744732,3.24269390051742,8.22393804458468,3.34529480887833,7.79551490091559,29.358317367941,20.6769681941007,0,0,15.7329237107893,3.69132646168199,8.75754667398007,29.2114677749706,20.784003850201,0,0
3.25461374189159,1.45532108838999,2.96280115420656,0.107371266511528,0.0113307025064469,0.0485555324602796,6.70543967990001,1.65668689180149,5.07171971327655,6.8219445016221,20.8096254691101,5.8377271414857,0,0,2.3474338271824,1.1610683508205,3.60395128100746,4.62315509077759,12.4946603287646,5.39345662197836,0,0,7.23434777202345,1.76979040081375,3.24064461648598,8.322197419526,3.41539798330891,7.72610752830583,29.0713003034616,20.6643740866467,0,0,14.9497840707689,3.54653109340287,8.73121090863912,29.1037188483117,20.781094786988,0,0
3.30077331091983,1.62415338197114,2.85737998361182,0.107553983823171,0.0111514229713458,0.0488431229773643,6.91601779671075,1.930768207063,4.98598639759368,6.92890622862859,21.9727714630656,5.84694092835709,0,0,2.40182991301407,1.10099913985554,3.44942092661686,4.9067191474328,13.7500657114796,5.73038101399193,0,0,7.18865633376619,1.81121769110917,3.21342325619775,8.43141038719665,3.51658177551001,7.63844722451971,28.746613290908,20.6501720414232,0,0,14.1210227615453,3.40995759588072,8.69904814688194,28.9608400584308,20.7762744235099,0,0
3.38674750570252,1.7896731201178,2.76641326494897,0.107750365355838,0.0109906920414401,0.0490854000503801,7.13313713176341,2.18647973627784,4.87954468359675,6.93488021522199,23.1040894313786,5.85858088249645,0,0,2.50835958265617,1.14726317128819,3.45201569889523,4.72776608388578,15.0825297634879,5.8363224946291,0,0,7.14440075644733,1.87428004558079,3.14678394805491,8.53534284629989,3.66008626980916,7.54969094452466,28.3829407695859,20.6363422169795,0,0,13.2556426199401,3.26410382352137,8.62886816799603,28.7905324964642,20.7719379381991,0,0
3.4883657592568,1.95770496316879,2.68626512502127,0.107828404929201,0.0108631229898443,0.0493756581292772,7.34199114537041,2.38504610567998,4.79300020080475,6.89381476089924,24.1888584578253,5.84984371890046,0,0,2.67548667373419,1.25152768014438,3.55670819282311,4.40352899348278,16.3982702756613,5.85756262026037,0,0,7.09774133346421,1.97494396649652,3.03671600878689,8.62957919542045,3.79866128223776,7.49526280526111,28.0592856009924,20.6263901603081,0,0,12.3906714895052,3.1576984032245,8.5702252694544,28.636350026181,20.7663281509044,0,0
3.59007634723457,2.11367317946249,2.58912732728558,0.107815544889056,0.0107419021497868,0.0497640763369692,7.54757530074417,2.5111196555382,4.68993109699228,6.82533034083688,25.212904853252,5.80694278826864,0,0,2.89773952196738,1.40725829922599,3.70143037163217,4.00591517118759,17.5835223859748,5.88411597598374,0,0,7.00375928494378,2.11182828165492,2.8729114927571,8.73331100367525,3.93982767958285,7.45331771080917,27.7735286977128,20.6183784004992,0,0,11.5193064571067,3.09050814927845,8.54866765988152,28.4810454037069,20.7598583036931,0,0
3.69256425016471,2.24114360670825,2.50853094802243,0.10771113578218,0.0106279611999332,0.0501975943638659,7.72075558585742,2.5884732582343,4.60109860402496,6.70682377970076,26.1650463456815,5.74157695444939,0,0,3.06462119720977,1.60073212013126,3.92749213178429,3.5942708400726,18.5581331771218,5.8635596277535,0,0,6.93877797813961,2.23600354687676,2.7481886685989,8.85470672050945,4.13416617347252,7.40238696570494,27.4429916724144,20.611328901271,0,0,10.6679763144973,3.04934356635091,8.41318665470501,28.265349571058,20.7553921773543,0,0
3.76495829841624,2.33632210958977,2.4641096752276,0.107576309584346,0.0105435958610992,0.0506015787709088,7.86181861657534,2.6626430519756,4.57143755788894,6.56320812946926,27.0475860470658,5.68484879977868,0,0,3.11484904336995,1.77250818913112,4.12587335565537,3.21808344914061,19.2993768138463,5.75585040313995,0,0,6.8852580337198,2.32636183728566,2.65294768647031,9.01334455197925,4.37359497168357,7.30823517710672,27.0983847918672,20.6048284177777,0,0,9.8635102173022,3.07814080082312,8.29972455324033,27.990996621815,20.7503149041829,0,0
3.87163326764987,2.38802775206752,2.44162160510622,0.107503886429085,0.0105233815970436,0.0508935275950606,7.98634937354503,2.72962625574267,4.50492968769525,6.36592592380824,27.855786277541,5.62631823985824,0,0,3.14346689726054,1.90675900372286,4.19625104765666,2.93016947412125,19.7467626487533,5.65606282596223,0,0,6.91698364759902,2.3703999729238,2.64388418732381,9.18560870331113,4.61454478386758,7.24172324949755,26.8359430591226,20.6017187865153,0,0,9.18156643622538,3.15790241139861,8.23148894513073,27.7820087939479,20.7448910700359,0,0
3.96951363875673,2.42888597997288,2.38661241507148,0.107459089422676,0.0105282057826787,0.0510019611897782,8.06241094308489,2.82970565774321,4.35149509233018,6.1253290640657,28.5768626063322,5.53311938588279,0,0,3.14885188629407,2.00822276940946,4.2222856682833,2.64133502447724,19.933426725378,5.4447276188894,0,0,6.96468273709732,2.39330668407756,2.66376971768217,9.36193077136336,4.8688365184391,7.21870529303236,26.5909045820533,20.5979536398647,0,0,8.61737519764662,3.28374367869012,8.08170613912348,27.5861931195618,20.740119845994,0,0
4.03368490152604,2.46104816246165,2.33394763526325,0.107409048342499,0.0105408258340147,0.051030121762058,8.09019155793697,2.91011708692279,4.15674479908527,5.87488474655903,29.1760881788971,5.42099806615519,0,0,3.0800625003478,2.05733482849857,4.22934577591457,2.45326456862951,19.9300083362299,5.13316684898781,0,0,7.04787478798505,2.39815191357731,2.70668750282542,9.55403793620978,5.10335627509236,7.21382109052466,26.378162865877,20.5924075474683,0,0,8.20591098497793,3.42303804756977,7.94649614782145,27.422942462173,20.7341322013386,0,0
4.03626255204935,2.49609084778534,2.25132982890977,0.107284770003073,0.0105584327894009,0.0509970858763516,8.04155785754304,2.95154694364851,3.95035740620355,5.65804422695759,29.6467005577266,5.29182367375663,0,0,2.92672752081584,2.07180865895479,4.18069873507923,2.39134360968563,19.8416667911854,4.79784753209053,0,0,7.13658885905979,2.38906948069541,2.77953082639466,9.77881628831079,5.32870859345543,7.17730494612982,26.2012748322197,20.5871110182626,0,0,7.94884399174868,3.57169117320775,7.88081587879123,27.2765114989768,20.7259708919318,0,0
4.0126725836664,2.55122673364834,2.16372063551552,0.10715029964773,0.0106131914183921,0.0508611862815614,7.93044776087801,2.97043644238217,3.722146412118,5.50574885613265,29.9875675546282,5.15367222061057,0,0,2.77591466173035,2.05667089326595,4.14205924773198,2.41854429486265,19.6760543849248,4.46519005648253,0,0,7.22990944974242,2.41741982948381,2.8503388044617,10.0358693960006,5.55897404342331,7.10587298992564,26.0446511902116,20.5830138288398,0,0,7.81570157972925,3.71854704119167,7.81775310369732,27.1196828816942,20.7171829996652,0,0
3.96121068731593,2.58787567294128,2.03678424584833,0.107039722628498,0.0106259306025498,0.0506988473519657,7.72654103858052,2.91069453131381,3.4629959490186,5.28101384552458,30.2173959814462,5.01380895659351,0,0,2.64202271345763,2.01740715887347,4.09664598882644,2.58033040765057,19.4530573449025,4.11174833051554,0,0,7.2881785023899,2.43726702537506,2.89991923100984,10.3051230398175,5.75933179157988,7.00865806097936,25.9296142484967,20.5801248421806,0,0,7.80891566117642,3.80667080339171,7.75768138246488,26.9836084318352,20.7063403292214,0,0
3.91450702701725,2.61748872310409,1.90813733486438,0.106920914177697,0.0106517945258442,0.0505338421751535,7.49748644262274,2.83307163705327,3.25743161038829,5.12855861340398,30.3250453835181,4.87627299344369,0,0,2.55922826089713,1.99898008880236,4.02826348136302,2.81387243302316,19.1889877429596,3.76191971514174,0,0,7.34449601661519,2.44993753449441,2.98295312982501,10.5874522798427,5.93263172443727,6.93157949295247,25.8472727876053,20.579919049673,0,0,7.9253287105245,3.88333476951386,7.66100400633617,26.8838569512195,20.6961123272906,0,0
3.8745432587102,2.60421105229177,1.81514590894646,0.106791179836947,0.0106809157683552,0.0503068432486302,7.2368330374295,2.72140951283751,3.11863591642751,5.03543494128563,30.2897474059304,4.79598149924625,0,0,2.51090027262124,1.99203315866547,3.97566918813603,3.09746551818704,18.8722447993814,3.45969783513669,0,0,7.40415894794634,2.42719178715043,3.09393491555015,10.8746216197906,6.04069084342461,6.88174556648972,25.799325598884,20.574237008624,0,0,8.1638915900231,3.92987290874071,7.52201537438692,26.8109014979875,20.6812566330303,0,0
3.8536974390158,2.57557843285979,1.72478754722832,0.106707492947526,0.0107430353954771,0.0500092441787539,6.95955647024459,2.64461917556428,3.0284739212911,4.97437755341792,30.1256987169349,4.69251063094837,0,0,2.54062112069997,2.01490057050065,3.90140861214164,3.42864129664437,18.5084100382087,3.20204019493809,0,0,7.47854930433418,2.41128259994285,3.23050795803431,11.1876041618667,6.10319661785929,6.85473849528787,25.7916980796789,20.5643827056228,0,0,8.47616225566323,3.947235961007,7.40708150518491,26.7823308147379,20.6642707012389,0,0
3.83334828538838,2.57020795099059,1.62792848098639,0.106616818676551,0.0108689067546538,0.0496509096824485,6.65133944802726,2.62229106247387,2.94345942385713,4.99380928190326,29.8355469296816,4.53329473916152,0,0,2.63317753252335,2.08084397694128,3.78202765448709,3.77497466447181,18.0940326742634,3.01537547420702,0,0,7.54379147382227,2.44009138673736,3.36878974856732,11.5293728717339,6.17019836571602,6.81588680253746,25.8169740869495,20.5582782861264,0,0,8.8406767726189,3.96022283721375,7.28119206864391,26.7685122251436,20.6474890831759,0,0
3.79207454765982,2.55714752341592,1.62977003823896,0.106485086150831,0.0110208949884398,0.0492603997229032,6.29687756402235,2.62211812107897,2.95829881654298,5.08218179649957,29.4165147738162,4.48000274994686,0,0,2.73609825135167,2.14445856492291,3.65078504641148,4.09004109780742,17.6245118247078,3.03182199575351,0,0,7.58527420396657,2.47693845648048,3.54657266342461,11.8675964508216,6.21917873780024,6.76742277816802,25.8686067054728,20.5548647590744,0,0,9.17605219304581,3.90376775193028,7.19401855500336,26.8360678625368,20.63138284263,0,0
3.78881553148089,2.49968724851978,1.68472120916823,0.106372889271162,0.0112244899998418,0.0488693074923962,5.99047366480029,2.62474060423194,3.05939564784893,5.30333772929725,28.8577228582369,4.45966084495326,0,0,2.79375112898312,2.17384295421644,3.51834497761287,4.36366253119253,17.0982542260701,3.22460205697553,0,0,7.67489821685436,2.48056850329128,3.74927065532406,12.2169671341099,6.23410806890549,6.73837506631725,25.9398163851729,20.5565787366051,0,0,9.50936842148761,3.84954067861178,7.14534460681916,26.9215404664355,20.6214653917442,0,0
3.81214744223379,2.36227473582675,1.75447978014263,0.10627713825311,0.011382100401275,0.0484448096347609,5.71543824463199,2.58743182219938,3.21043587301211,5.59016799115362,28.1553421849627,4.38949740248116,0,0,2.6600574013965,2.142507153529,3.37213498853842,4.53189790951767,16.5044036560628,3.6079353899098,0,0,7.80710145571098,2.40666586463887,3.9554224218302,12.5755144035685,6.2083245365602,6.72294061831574,26.048116148058,20.5634306212641,0,0,9.82440797195961,3.80388393811081,7.12405980663928,27.018832038879,20.6197418951309,0,0
3.80200377062183,2.24246534214751,1.8692946447329,0.106209747226089,0.0115589827126961,0.0480294679473665,5.42242013436395,2.58043644850893,3.38773125402059,5.93057402598698,27.3405177974263,4.39335866182051,0,0,2.49321375571911,2.11835999455077,3.22277163624786,4.66315591853623,15.8608503992373,4.18237139171007,0,0,7.89984417999464,2.34151063258508,4.17950689121166,12.9458104070515,6.18272839145602,6.71317144161859,26.1630853155834,20.5706052740422,0,0,10.1198385910978,3.81953251764791,7.10237086604028,27.158033038234,20.6195550863757,0,0
3.77656759469992,2.13596043222671,2.03085516626582,0.106133206818286,0.0117638876798023,0.0476098094615505,5.11202160766044,2.57591168938959,3.58307251540371,6.35839001111247,26.4070077000802,4.4699919041054,0,0,2.33203477052167,2.09352485006342,3.0800377145697,4.75637727770385,15.1714489619968,4.81281295911504,0,0,7.98758936986896,2.28820003036394,4.40499179125953,13.3278658618073,6.15124745914495,6.70916108670416,26.2813281177813,20.577038090022,0,0,10.3910080435992,3.86705718659408,7.09733553784142,27.3080741120744,20.619590151741,0,0
3.77189903013344,2.00087792749292,2.23368656481736,0.106050269345853,0.0119243278093546,0.0471252681535143,4.81348179915879,2.56771354363497,3.79559154105763,6.74365189668391,25.3434863232448,4.56526859842831,0,0,2.10521845788973,2.06374111486966,2.94478701231957,4.78220056230584,14.4384814339728,5.37264179308113,0,0,8.1084420330242,2.21926938955384,4.6520717375937,13.7430719499796,6.10610378036549,6.71020344250836,26.4472877578156,20.5868571623622,0,0,10.6099164614454,3.88406146925534,7.11359895323739,27.4742133123437,20.6221817212328,0,0
3.8103692132163,1.86304614488585,2.44379077005836,0.105999399717696,0.0120260058549273,0.0466977316910282,4.56308679103457,2.55871673678798,4.01836140081404,7.08328638604323,24.1805701222359,4.6893408987409,0,0,1.81436997166058,2.02297925831077,2.80673654966328,4.78212489414646,13.6919752267411,5.8793730362903,0,0,8.25918376011868,2.1676958331566,4.90433083148156,14.1705433330328,6.04902398121907,6.71414968712696,26.6414134512495,20.5985814779148,0,0,10.8157359369485,3.90610233696731,7.13817030515752,27.6560568560342,20.6272536721318,0,0
3.84229403991046,1.74026768584832,2.67259320057702,0.105919520806911,0.012085223792956,0.0462985325084732,4.27012791275759,2.52941509699722,4.26838228994459,7.39657894419536,22.9317570390796,4.81830811613508,0,0,1.52761031414161,1.97714749854272,2.68242128038903,4.77322027857561,12.9561204116106,6.2811741631916,0,0,8.39090815792616,2.14285443889165,5.14815426743626,14.6110999818485,5.99416865485252,6.72193119452379,26.8574338230459,20.6119120635375,0,0,11.0224511694667,3.91884821685081,7.18442307495947,27.8374110464118,20.6342199108868,0,0
3.84823366099235,1.65177584202779,2.92194546702286,0.105867027910534,0.0122113674432298,0.0458686299612761,4.01164718943429,2.50516598082574,4.53199397707179,7.67906004568634,21.5781131342709,4.98092659620021,0,0,1.26802508502186,1.94657668078046,2.60268226928363,4.75323749481418,12.2637474527292,6.60785360168538,0,0,8.50407948061657,2.1307175129475,5.41466346516255,15.0416299261598,5.94231546499685,6.73321612847387,27.0412592932741,20.6212196089584,0,0,11.2146405078057,3.97428524024545,7.23096104676555,28.0134367750625,20.6402957447707,0,0
3.85072581942483,1.58664954301323,3.17425837682243,0.105824366438087,0.0123154264681611,0.0454696858627133,3.78990003231335,2.46965014555246,4.80189330836068,7.86270194279077,20.153591161163,5.14932079553849,0,0,1.03691812345464,1.90611945663863,2.55087104064911,4.7098432710527,11.5965089090394,6.783904778795,0,0,8.60377213693864,2.14049325784963,5.68033239828245,15.4546210504755,5.89300139178213,6.75084434090189,27.2267814605293,20.6298300759076,0,0,11.3849082153863,4.04163410644709,7.28864238388964,28.2056223088435,20.6469845986466,0,0
3.82765860604288,1.5373657455955,3.41627587986783,0.105791598712888,0.0123385696828194,0.0450905824348805,3.52144551435713,2.42622748075724,5.06132615934729,7.90734078824998,18.6638357977668,5.19154069325836,0,0,0.830368962597887,1.87354448312348,2.57665023454729,4.63333892723225,10.9698793141064,6.8166194040692,0,0,8.64267118042256,2.16330905804363,5.91655607764017,15.8721699377038,5.85038829482042,6.78423726564347,27.4431811266616,20.6388572455663,0,0,11.5289937351594,4.06779021376628,7.36501792930943,28.4073792217226,20.6541724155285,0,0
3.83381549992526,1.50552595739574,3.65563094794645,0.10575795362365,0.0123302261613564,0.0447541833513445,3.29239511506922,2.38742617745004,5.25998340874077,7.84395289071014,17.1422591266483,5.18289777976941,0,0,0.747040695421098,1.83333277181317,2.6890490568921,4.50502542859027,10.4110985917761,6.7500473773813,0,0,8.70109635209097,2.22257199187099,6.14810101148193,16.2889379672262,5.80799798027467,6.8314515168356,27.647009060114,20.6469747990478,0,0,11.6701694976619,4.06768565274687,7.45168192753661,28.5966429683035,20.6611389096492,0,0
3.81965445276424,1.49711519452245,3.90398008696874,0.1057496468809,0.0123435444310254,0.0444462002519541,3.13203430377583,2.3336077947819,5.45120924293876,7.58335958658015,15.6175837215673,5.11330518829299,0,0,0.884573586686392,1.78463783824327,2.84934400427407,4.31240133798626,9.88478318436822,6.50749779375143,0,0,8.73930303145789,2.28947155881142,6.34463087625723,16.6877164010631,5.78042551105445,6.90401484767742,27.8433026192431,20.6540413986692,0,0,11.813092219621,4.05949841035809,7.54729825649931,28.7843054930015,20.668766425161,0,0
3.8385876289212,1.52126960850187,4.14006565671239,0.105781747431508,0.0123795394442156,0.0441565607919114,3.0593975768947,2.31317595011063,5.62435802576999,7.22641371529175,14.1003541181277,4.9188614946939,0,0,1.14783960825519,1.76160920649685,3.06436926885185,4.07464361670477,9.40017756761151,6.07657811910943,0,0,8.80345361755152,2.36661152693513,6.53329938258252,17.0611651533,5.76191437734106,7.00396770940029,28.0380869921286,20.6616392481909,0,0,11.9445364127708,4.0403221821919,7.6586483389562,28.9706058378596,20.6776849267227,0,0
3.84622073701975,1.56253065186494,4.37352635934593,0.105809669126143,0.0124161727375114,0.0438899188457445,2.9813344685709,2.30395512982045,5.7928541364996,6.76758391490932,12.6545665094232,4.63586986555047,0,0,1.48876876890019,1.75944367033624,3.36377662710193,3.76540740197496,8.96259671754518,5.43924879956241,0,0,8.82977668462453,2.47624229040809,6.68606610917064,17.4150332554069,5.74824510752539,7.13404391763087,28.2182845707683,20.6682422460412,0,0,12.0783246788231,4.00250042172629,7.753185413302,29.1376324997606,20.685771362818,0,0
3.8495416619503,1.59854859181773,4.58696916763294,0.105908662571793,0.0124668086893513,0.0436678718627106,2.95102369206987,2.30186163935048,5.92983269460915,6.23578936087099,11.2722135203219,4.30764361689763,0,0,1.87985632336145,1.76701514806454,3.58773688177015,3.35458402486965,8.5606532328701,4.62540771790882,0,0,8.84257972231338,2.51800512868018,6.7938332157927,17.7343704272376,5.74431813623913,7.2751815666842,28.38031869336,20.6733827170469,0,0,12.1817736515795,3.95697604072352,7.86115974099291,29.2992158685839,20.693877527837,0,0
3.87572373095183,1.63113142303671,4.7636577023199,0.106016134314178,0.0125114461214926,0.0435068117495729,2.98246300710881,2.29011089946707,6.11077613327578,5.73313113310178,10.0267271962121,4.06620751452353,0,0,2.28581533611677,1.80747117704856,3.80478996034022,3.00931591831582,8.22539046247737,3.65526364410993,0,0,8.87064015676445,2.5475613989526,6.92701376094382,18.0246302824928,5.74038330961776,7.42711531278911,28.5447491127214,20.6779659905093,0,0,12.2705952145148,3.87915139247555,8.01995359767381,29.4639741130068,20.7036566341232,0,0
3.9042029397166,1.64893582735356,4.91518422405624,0.106143232196794,0.0126005037323581,0.0433792146933209,3.04677479821907,2.27883335573252,6.33009136562059,5.21803923331436,8.90191800620545,3.89553276126477,0,0,2.71362301962224,1.88706321616824,3.96151758759632,2.67489724549678,7.95907262191155,2.74121098238001,0,0,8.89345384804425,2.54170074445202,7.05021097233475,18.2576792212303,5.75316101608115,7.59499389960679,28.6913787028835,20.6822031817592,0,0,12.3436724217518,3.77227593533374,8.20689509391218,29.5993392308288,20.7144398786269,0,0
3.9454369988844,1.66745944655769,5.04424010732307,0.106289154110549,0.0126925135801075,0.0432501676903616,3.14616205613706,2.27450300935526,6.63479571194811,4.76692155432557,7.8870571281273,3.76219937820609,0,0,3.16413470432996,2.02403652050419,4.04386373750009,2.56466424142159,7.76279872829834,2.24733399856688,0,0,8.93648251239089,2.52485568896876,7.15744366251914,18.4575205182433,5.78337568983428,7.79111483610218,28.825524747918,20.6863155897334,0,0,12.4036660326846,3.68503514920862,8.35661378538284,29.7221539940298,20.7245159112277,0,0
3.9357242866445,1.71000359054658,5.14478210617121,0.10640984997354,0.0127444586438346,0.0431075172621464,3.22161054199495,2.30923790035636,7.04766167068477,4.41784962052754,7.06402760280361,3.70406596664941,0,0,3.52622366390765,2.21406501308343,4.07768670975205,2.74338853877271,7.78844186457445,2.49842544256675,0,0,8.93517066305647,2.51435875156305,7.24412106699669,18.6225986770987,5.81689020441442,8.00292709803125,28.9456405232475,20.6898694996639,0,0,12.4570110576009,3.61666663257547,8.44336549483274,29.828256110698,20.733011771526,0,0
3.9156113324091,1.73356474745675,5.21728759933496,0.106573309875169,0.0128441205123134,0.0429539674178994,3.30201815115517,2.33964869753535,7.50466605996431,4.16148357690608,6.37951321068061,3.71943596712994,0,0,3.89277537142344,2.42297004941672,4.02439705387683,3.1058133253077,7.98038671977203,3.39129823096013,0,0,8.92437820206741,2.46492889848732,7.28625308010732,18.7101567987528,5.83795096041222,8.18146397132138,29.0647675481447,20.6917087309153,0,0,12.413980672338,3.50252661405343,8.68394132542113,29.9394383216904,20.7460322849012,0,0
3.9104450040047,1.76285851012998,5.2501457258183,0.106735877418784,0.0128887446610822,0.0428242148777424,3.39480870119116,2.37639830688489,8.01976207872612,4.01622901144419,5.82014435294295,3.75116853075275,0,0,4.29210614679546,2.63961914581939,3.90944973064689,3.6646552017763,8.31372278341139,4.4520568797153,0,0,8.92442788321988,2.42840816367512,7.30724213884625,18.7639260662385,5.84927306432098,8.33821957536999,29.1740665474225,20.6919204831867,0,0,12.3624165147603,3.38517130201754,8.95964756930771,30.0322018694001,20.7590571734686,0,0
3.86423600025962,1.80167289961079,5.24038722092829,0.106863271758987,0.0128557864461345,0.0426787580361116,3.43144494934196,2.43779585297994,8.39025485631948,3.9727465514144,5.51723229488193,3.86700123916495,0,0,4.57733074562741,2.81789845873361,3.71224388783618,4.12348122872943,8.92562513537248,5.25111322677654,0,0,8.87006769312269,2.4100355193498,7.3283988606493,18.7356494409528,5.82054378381938,8.43166826489437,29.2305510899343,20.6906128585433,0,0,12.3279219813886,3.3181144122437,9.02635336619589,30.0616248602451,20.762165512044,0,0
3.82529086196324,1.84931769475627,5.21931391628444,0.106999736132743,0.0128448891090372,0.042457954601429,3.4600932557228,2.51140519146329,8.68943301143048,4.00756015915946,5.34270046878468,3.99793446552694,0,0,4.87252296317356,2.96991365153036,3.56026442497328,4.55396246126557,9.65954491495626,5.9767038787763,0,0,8.83409205125981,2.41002875967795,7.32000224862835,18.6495928443709,5.82877752054365,8.56742564880332,29.3018763101999,20.6899951298695,0,0,12.2475803771751,3.26054361990673,9.13057178705971,30.0954137348149,20.7676613144026,0,0
3.8056486577218,1.89993359158203,5.19820959779246,0.10713692422046,0.0128209991861586,0.0421552838510786,3.4971105593124,2.59023420790764,8.91533145134701,4.09509472571126,5.29207114555383,4.14220539466951,0,0,5.1753080041334,3.08870814837301,3.49010993063493,4.94156043483208,10.5038815786727,6.59259061195364,0,0,8.82244771481225,2.42058247971403,7.29012775400358,18.5307534935762,5.86349350286016,8.72670783527617,29.3815336696316,20.6894369751812,0,0,12.1420526440719,3.20957596676394,9.26879880199014,30.1289280249271,20.7747781426554,0,0
